Workbook

Sheet README
A1: DIRECTIONS
A2: 1. Fill out the information above to auto populate the sample IDs and specify how many samples are being collected for each analysis.
A3: 2. Make sure B7, "Sample Type" is correctly specified. It determines which labels are printed.
A4: 3. If collecting grab samples, print lables with blank times. File in times manually after the field to fully populate datasheets after collection.
A5: 4. Indicate which samples (if a subset) are being analyzed for what by setting columns L-R to T/F.
A6: 5. **Directions on label creator in word from Emily**
A7: 3. Print out the Bottle Number data sheet in landscape using "fit all columns on one page".
A8: 3. Print out the ISCO Bottle Weight data sheet in portrait (if applicable) using "fit all columns on one page".
A9: 4. Print out the Filter Weight data sheet in portrait (if applicable) using "fit all columns on one page".

Sheet FILLME
A1: Fill out the highlighted info to autofill labels and datasheets
A3: Project (e.g., WWS, NIFA) | D3: Site Names | F3: Bottle Calculator | G3: # Samples | I3: Bottles Needed
A4: Study Code (e.g., SONDE, BDRK, SSFLAT) | B4: SSEMG | D4: (1 per row) | E4: IS | F4: ISCO | G4: =IF($B$7 = "ISCO", $B$5*$B$16, 0) -> 100 | I4: ISCO | J4: =G4 -> 100
A5: Samples per Site | B5: 100 | D5: STA | E5: GB | F5: Grab | G5: =IF($B$7 = "Grab", $B$5*$B$16, 0) -> 0 | I5: 250 mL | J5: =G5 -> 0
A6: Sample Start Date | B6: 46076 | E6: LV | F6: Levoglucosan | G6: =$B$5*$B$16 -> 100 | I6: 20 mL Glass | J6: =G6 -> 100
A7: Sample Type (choose one) | B7: ISCO | F7: BPCA | G7: 0 | I7: Two 1L | J7: =G7*2 -> 0
A8: Field Sample ID Type (choose one) | B8: Sample Date/Time | E8: AQ | F8: Aqualog (DOM) | G8: =$B$5*$B$16 -> 100 | I8: 30 mL | J8: =G8 -> 100
A9: Lab Sample ID Type (choose one) | B9: Sample Date/Time | E9: CN | F9: Shimadzu (DOC/TN) | G9: =$B$5*$B$16 -> 100 | I9: 125 mL | J9: =G9+G10 -> 200
A10: For ISCO Samples only | E10: NU | F10: CCAL (Nutrients) | G10: =$B$5*$B$16 -> 100 | I10: 125 mL (no 30 mL) | J10: =SUM(G8:G10) -> 300
A11: Site 1 Sample Start Time | B11: 1 | E11: EX | F11: Excess (Node 3) | G11: =$B$5*$B$16 -> 100 | I11: 500 mL | J11: =G11 -> 100
A12: Site 2 Sample Start Time | B12: 1 | G12: *edit if needed
A13: Time Interval (Hours) | B13: 0.083333333
A14: Start Bottle Number | B14: 1
A16: Number of Sites (autofilled) | B16: =COUNTA(D5:D297) -> 1
A18: Starting sequence for random number IDs

Sheet Label IDs
A1: Sample Type | B1: Project | C1: Type | D1: Study | E1: Start Date | F1: Collect Time | G1: Collect Date | H1: ISCO Bottle # | I1: ISCO Bottle Order | J1: Site | K1: ISCO Bottle ID | L1: Sample ID (with Bottle #) | M1: Sample ID (with Time) | N1: ISCO | O1: Grab | P1: BPCA | Q1: Levoglucosan | R1: Aqualog | S1: Shimadzu | T1: CCAL | U1: Excess
A2: =FILLME!$B$7 -> ISCO | B2: =IF(FILLME!$B$3 = "", "", FILLME!$B$3) | C2: =IF(FILLME!$B$7="ISCO",FILLME!$E$4,IF(FILLME!$B$7="Grab",FILLME!$E$5)) -> IS | D2: =IF(FILLME!$B$4 = "", "", FILLME!$B$4) -> SSEMG | E2: =TEXT(FILLME!$B$6,"yyyymmdd") -> 20260223 | F2: {=IF(FILLME!B7 = "Grab", _xlfn.MAKEARRAY(FILLME!B5*FILLME!B16,1,_xlfn.LAMBDA(_xlpm.r,_xlpm.c,"")), _xlfn.LET( _xlpm.n, FILLME!B5*FILLME!B16, _xlpm.cut, FILLME!B5, _xlpm.step, HOUR(FILLME!B13), _xlpm.k, _xlfn.SEQUENCE(_xlpm.n), TIME( IF(_xlpm.k<=_xlpm.cut, HOUR(FILLME!B11)+(_xlpm.k-1)*_xlpm.step, HOUR(FILLME!B12)+(_xlpm.k-_xlpm.cut-1)*_xlpm.step ), 0,0) ))} -> 0 | G2: =IF(FILLME!$B$7="ISCO",FILLME!$B$6+FILLME!$B$11+(FILLME!$B$13*(H2-FILLME!$B$14)),FILLME!$B$6) -> 46077 | H2: {=MOD(_xlfn.SEQUENCE(FILLME!B5*FILLME!B16,,0),FILLME!B5) + FILLME!B14} -> 1 | I2: {=MOD(_xlfn.SEQUENCE(FILLME!B5*FILLME!B16,,0),24) + 1} -> 1 | J2: {=_xlfn.LET( _xlpm.items, FILLME!D5:D297, _xlpm.x, FILLME!$B$5, INDEX(_xlpm.items, ROUNDUP(_xlfn.SEQUENCE(COUNTA(_xlpm.items)*_xlpm.x)/_xlpm.x, 0)) )} -> STA | K2: =CONCATENATE(J2,"_",TEXT(H2,"00")) -> STA_01 | L2: =CONCATENATE(D2,"_", J2,"_",E2,"_",TEXT(H2,"00")) -> SSEMG_STA_20260223_01 | M2: =CONCATENATE(D2,"_", J2,"_",C2,"_",TEXT(G2, "yyyymmdd"),"_",TEXT(F2, "hhmm")) -> SSEMG_STA_IS_20260224_0000 | N2: =IF(ROW()-ROW($N$1) <= FILLME!$G$4, TRUE, FALSE) -> TRUE | O2: =IF(ROW()-ROW($O$1) <= FILLME!$G$5, TRUE, FALSE) -> FALSE | P2: =IF(ROW()-ROW($P$1) <= FILLME!$G$7, TRUE, FALSE) -> FALSE | Q2: =IF(ROW()-ROW($Q$1) <= FILLME!$G$6, TRUE, FALSE) -> TRUE | R2: =IF(ROW()-ROW($R$1) <= FILLME!$G$8, TRUE, FALSE) -> TRUE | S2: =IF(ROW()-ROW($S$1) <= FILLME!$G$9, TRUE, FALSE) -> TRUE | T2: =IF(ROW()-ROW($T$1) <= FILLME!$G$10, TRUE, FALSE) -> TRUE | U2: =IF(ROW()-ROW($U$1) <= FILLME!$G$11, TRUE, FALSE) -> TRUE
A3: =FILLME!$B$7 -> ISCO | B3: =IF(FILLME!$B$3 = "", "", FILLME!$B$3) | C3: =IF(FILLME!$B$7="ISCO",FILLME!$E$4,IF(FILLME!$B$7="Grab",FILLME!$E$5)) -> IS | D3: =IF(FILLME!$B$4 = "", "", FILLME!$B$4) -> SSEMG | E3: =TEXT(FILLME!$B$6,"yyyymmdd") -> 20260223 | F3: 0.083333333 | G3: =IF(FILLME!$B$7="ISCO",FILLME!$B$6+FILLME!$B$11+(FILLME!$B$13*(H3-FILLME!$B$14)),FILLME!$B$6) -> 46077.083 | H3: 2 | I3: 2 | J3: STA | K3: =CONCATENATE(J3,"_",TEXT(H3,"00")) -> STA_02 | L3: =CONCATENATE(D3,"_", J3,"_",E3,"_",TEXT(H3,"00")) -> SSEMG_STA_20260223_02 | M3: =CONCATENATE(D3,"_", J3,"_",C3,"_",TEXT(G3, "yyyymmdd"),"_",TEXT(F3, "hhmm")) -> SSEMG_STA_IS_20260224_0200 | N3: =IF(ROW()-ROW($N$1) <= FILLME!$G$4, TRUE, FALSE) -> TRUE | O3: =IF(ROW()-ROW($O$1) <= FILLME!$G$5, TRUE, FALSE) -> FALSE | P3: =IF(ROW()-ROW($P$1) <= FILLME!$G$7, TRUE, FALSE) -> FALSE | Q3: =IF(ROW()-ROW($Q$1) <= FILLME!$G$6, TRUE, FALSE) -> TRUE | R3: =IF(ROW()-ROW($R$1) <= FILLME!$G$8, TRUE, FALSE) -> TRUE | S3: =IF(ROW()-ROW($S$1) <= FILLME!$G$9, TRUE, FALSE) -> TRUE | T3: =IF(ROW()-ROW($T$1) <= FILLME!$G$10, TRUE, FALSE) -> TRUE | U3: =IF(ROW()-ROW($U$1) <= FILLME!$G$11, TRUE, FALSE) -> TRUE
A4: =FILLME!$B$7 -> ISCO | B4: =IF(FILLME!$B$3 = "", "", FILLME!$B$3) | C4: =IF(FILLME!$B$7="ISCO",FILLME!$E$4,IF(FILLME!$B$7="Grab",FILLME!$E$5)) -> IS | D4: =IF(FILLME!$B$4 = "", "", FILLME!$B$4) -> SSEMG | E4: =TEXT(FILLME!$B$6,"yyyymmdd") -> 20260223 | F4: 0.16666667 | G4: =IF(FILLME!$B$7="ISCO",FILLME!$B$6+FILLME!$B$11+(FILLME!$B$13*(H4-FILLME!$B$14)),FILLME!$B$6) -> 46077.167 | H4: 3 | I4: 3 | J4: STA | K4: =CONCATENATE(J4,"_",TEXT(H4,"00")) -> STA_03 | L4: =CONCATENATE(D4,"_", J4,"_",E4,"_",TEXT(H4,"00")) -> SSEMG_STA_20260223_03 | M4: =CONCATENATE(D4,"_", J4,"_",C4,"_",TEXT(G4, "yyyymmdd"),"_",TEXT(F4, "hhmm")) -> SSEMG_STA_IS_20260224_0400 | N4: =IF(ROW()-ROW($N$1) <= FILLME!$G$4, TRUE, FALSE) -> TRUE | O4: =IF(ROW()-ROW($O$1) <= FILLME!$G$5, TRUE, FALSE) -> FALSE | P4: =IF(ROW()-ROW($P$1) <= FILLME!$G$7, TRUE, FALSE) -> FALSE | Q4: =IF(ROW()-ROW($Q$1) <= FILLME!$G$6, TRUE, FALSE) -> TRUE | R4: =IF(ROW()-ROW($R$1) <= FILLME!$G$8, TRUE, FALSE) -> TRUE | S4: =IF(ROW()-ROW($S$1) <= FILLME!$G$9, TRUE, FALSE) -> TRUE | T4: =IF(ROW()-ROW($T$1) <= FILLME!$G$10, TRUE, FALSE) -> TRUE | U4: =IF(ROW()-ROW($U$1) <= FILLME!$G$11, TRUE, FALSE) -> TRUE
A5: =FILLME!$B$7 -> ISCO | B5: =IF(FILLME!$B$3 = "", "", FILLME!$B$3) | C5: =IF(FILLME!$B$7="ISCO",FILLME!$E$4,IF(FILLME!$B$7="Grab",FILLME!$E$5)) -> IS | D5: =IF(FILLME!$B$4 = "", "", FILLME!$B$4) -> SSEMG | E5: =TEXT(FILLME!$B$6,"yyyymmdd") -> 20260223 | F5: 0.25 | G5: =IF(FILLME!$B$7="ISCO",FILLME!$B$6+FILLME!$B$11+(FILLME!$B$13*(H5-FILLME!$B$14)),FILLME!$B$6) -> 46077.25 | H5: 4 | I5: 4 | J5: STA | K5: =CONCATENATE(J5,"_",TEXT(H5,"00")) -> STA_04 | L5: =CONCATENATE(D5,"_", J5,"_",E5,"_",TEXT(H5,"00")) -> SSEMG_STA_20260223_04 | M5: =CONCATENATE(D5,"_", J5,"_",C5,"_",TEXT(G5, "yyyymmdd"),"_",TEXT(F5, "hhmm")) -> SSEMG_STA_IS_20260224_0600 | N5: =IF(ROW()-ROW($N$1) <= FILLME!$G$4, TRUE, FALSE) -> TRUE | O5: =IF(ROW()-ROW($O$1) <= FILLME!$G$5, TRUE, FALSE) -> FALSE | P5: =IF(ROW()-ROW($P$1) <= FILLME!$G$7, TRUE, FALSE) -> FALSE | Q5: =IF(ROW()-ROW($Q$1) <= FILLME!$G$6, TRUE, FALSE) -> TRUE | R5: =IF(ROW()-ROW($R$1) <= FILLME!$G$8, TRUE, FALSE) -> TRUE | S5: =IF(ROW()-ROW($S$1) <= FILLME!$G$9, TRUE, FALSE) -> TRUE | T5: =IF(ROW()-ROW($T$1) <= FILLME!$G$10, TRUE, FALSE) -> TRUE | U5: =IF(ROW()-ROW($U$1) <= FILLME!$G$11, TRUE, FALSE) -> TRUE
A6: =FILLME!$B$7 -> ISCO | B6: =IF(FILLME!$B$3 = "", "", FILLME!$B$3) | C6: =IF(FILLME!$B$7="ISCO",FILLME!$E$4,IF(FILLME!$B$7="Grab",FILLME!$E$5)) -> IS | D6: =IF(FILLME!$B$4 = "", "", FILLME!$B$4) -> SSEMG | E6: =TEXT(FILLME!$B$6,"yyyymmdd") -> 20260223 | F6: 0.33333333 | G6: =IF(FILLME!$B$7="ISCO",FILLME!$B$6+FILLME!$B$11+(FILLME!$B$13*(H6-FILLME!$B$14)),FILLME!$B$6) -> 46077.333 | H6: 5 | I6: 5 | J6: STA | K6: =CONCATENATE(J6,"_",TEXT(H6,"00")) -> STA_05 | L6: =CONCATENATE(D6,"_", J6,"_",E6,"_",TEXT(H6,"00")) -> SSEMG_STA_20260223_05 | M6: =CONCATENATE(D6,"_", J6,"_",C6,"_",TEXT(G6, "yyyymmdd"),"_",TEXT(F6, "hhmm")) -> SSEMG_STA_IS_20260224_0800 | N6: =IF(ROW()-ROW($N$1) <= FILLME!$G$4, TRUE, FALSE) -> TRUE | O6: =IF(ROW()-ROW($O$1) <= FILLME!$G$5, TRUE, FALSE) -> FALSE | P6: =IF(ROW()-ROW($P$1) <= FILLME!$G$7, TRUE, FALSE) -> FALSE | Q6: =IF(ROW()-ROW($Q$1) <= FILLME!$G$6, TRUE, FALSE) -> TRUE | R6: =IF(ROW()-ROW($R$1) <= FILLME!$G$8, TRUE, FALSE) -> TRUE | S6: =IF(ROW()-ROW($S$1) <= FILLME!$G$9, TRUE, FALSE) -> TRUE | T6: =IF(ROW()-ROW($T$1) <= FILLME!$G$10, TRUE, FALSE) -> TRUE | U6: =IF(ROW()-ROW($U$1) <= FILLME!$G$11, TRUE, FALSE) -> TRUE
A7: =FILLME!$B$7 -> ISCO | B7: =IF(FILLME!$B$3 = "", "", FILLME!$B$3) | C7: =IF(FILLME!$B$7="ISCO",FILLME!$E$4,IF(FILLME!$B$7="Grab",FILLME!$E$5)) -> IS | D7: =IF(FILLME!$B$4 = "", "", FILLME!$B$4) -> SSEMG | E7: =TEXT(FILLME!$B$6,"yyyymmdd") -> 20260223 | F7: 0.41666667 | G7: =IF(FILLME!$B$7="ISCO",FILLME!$B$6+FILLME!$B$11+(FILLME!$B$13*(H7-FILLME!$B$14)),FILLME!$B$6) -> 46077.417 | H7: 6 | I7: 6 | J7: STA | K7: =CONCATENATE(J7,"_",TEXT(H7,"00")) -> STA_06 | L7: =CONCATENATE(D7,"_", J7,"_",E7,"_",TEXT(H7,"00")) -> SSEMG_STA_20260223_06 | M7: =CONCATENATE(D7,"_", J7,"_",C7,"_",TEXT(G7, "yyyymmdd"),"_",TEXT(F7, "hhmm")) -> SSEMG_STA_IS_20260224_1000 | N7: =IF(ROW()-ROW($N$1) <= FILLME!$G$4, TRUE, FALSE) -> TRUE | O7: =IF(ROW()-ROW($O$1) <= FILLME!$G$5, TRUE, FALSE) -> FALSE | P7: =IF(ROW()-ROW($P$1) <= FILLME!$G$7, TRUE, FALSE) -> FALSE | Q7: =IF(ROW()-ROW($Q$1) <= FILLME!$G$6, TRUE, FALSE) -> TRUE | R7: =IF(ROW()-ROW($R$1) <= FILLME!$G$8, TRUE, FALSE) -> TRUE | S7: =IF(ROW()-ROW($S$1) <= FILLME!$G$9, TRUE, FALSE) -> TRUE | T7: =IF(ROW()-ROW($T$1) <= FILLME!$G$10, TRUE, FALSE) -> TRUE | U7: =IF(ROW()-ROW($U$1) <= FILLME!$G$11, TRUE, FALSE) -> TRUE
A8: =FILLME!$B$7 -> ISCO | B8: =IF(FILLME!$B$3 = "", "", FILLME!$B$3) | C8: =IF(FILLME!$B$7="ISCO",FILLME!$E$4,IF(FILLME!$B$7="Grab",FILLME!$E$5)) -> IS | D8: =IF(FILLME!$B$4 = "", "", FILLME!$B$4) -> SSEMG | E8: =TEXT(FILLME!$B$6,"yyyymmdd") -> 20260223 | F8: 0.5 | G8: =IF(FILLME!$B$7="ISCO",FILLME!$B$6+FILLME!$B$11+(FILLME!$B$13*(H8-FILLME!$B$14)),FILLME!$B$6) -> 46077.5 | H8: 7 | I8: 7 | J8: STA | K8: =CONCATENATE(J8,"_",TEXT(H8,"00")) -> STA_07 | L8: =CONCATENATE(D8,"_", J8,"_",E8,"_",TEXT(H8,"00")) -> SSEMG_STA_20260223_07 | M8: =CONCATENATE(D8,"_", J8,"_",C8,"_",TEXT(G8, "yyyymmdd"),"_",TEXT(F8, "hhmm")) -> SSEMG_STA_IS_20260224_1200 | N8: =IF(ROW()-ROW($N$1) <= FILLME!$G$4, TRUE, FALSE) -> TRUE | O8: =IF(ROW()-ROW($O$1) <= FILLME!$G$5, TRUE, FALSE) -> FALSE | P8: =IF(ROW()-ROW($P$1) <= FILLME!$G$7, TRUE, FALSE) -> FALSE | Q8: =IF(ROW()-ROW($Q$1) <= FILLME!$G$6, TRUE, FALSE) -> TRUE | R8: =IF(ROW()-ROW($R$1) <= FILLME!$G$8, TRUE, FALSE) -> TRUE | S8: =IF(ROW()-ROW($S$1) <= FILLME!$G$9, TRUE, FALSE) -> TRUE | T8: =IF(ROW()-ROW($T$1) <= FILLME!$G$10, TRUE, FALSE) -> TRUE | U8: =IF(ROW()-ROW($U$1) <= FILLME!$G$11, TRUE, FALSE) -> TRUE
A9: =FILLME!$B$7 -> ISCO | B9: =IF(FILLME!$B$3 = "", "", FILLME!$B$3) | C9: =IF(FILLME!$B$7="ISCO",FILLME!$E$4,IF(FILLME!$B$7="Grab",FILLME!$E$5)) -> IS | D9: =IF(FILLME!$B$4 = "", "", FILLME!$B$4) -> SSEMG | E9: =TEXT(FILLME!$B$6,"yyyymmdd") -> 20260223 | F9: 0.58333333 | G9: =IF(FILLME!$B$7="ISCO",FILLME!$B$6+FILLME!$B$11+(FILLME!$B$13*(H9-FILLME!$B$14)),FILLME!$B$6) -> 46077.583 | H9: 8 | I9: 8 | J9: STA | K9: =CONCATENATE(J9,"_",TEXT(H9,"00")) -> STA_08 | L9: =CONCATENATE(D9,"_", J9,"_",E9,"_",TEXT(H9,"00")) -> SSEMG_STA_20260223_08 | M9: =CONCATENATE(D9,"_", J9,"_",C9,"_",TEXT(G9, "yyyymmdd"),"_",TEXT(F9, "hhmm")) -> SSEMG_STA_IS_20260224_1400 | N9: =IF(ROW()-ROW($N$1) <= FILLME!$G$4, TRUE, FALSE) -> TRUE | O9: =IF(ROW()-ROW($O$1) <= FILLME!$G$5, TRUE, FALSE) -> FALSE | P9: =IF(ROW()-ROW($P$1) <= FILLME!$G$7, TRUE, FALSE) -> FALSE | Q9: =IF(ROW()-ROW($Q$1) <= FILLME!$G$6, TRUE, FALSE) -> TRUE | R9: =IF(ROW()-ROW($R$1) <= FILLME!$G$8, TRUE, FALSE) -> TRUE | S9: =IF(ROW()-ROW($S$1) <= FILLME!$G$9, TRUE, FALSE) -> TRUE | T9: =IF(ROW()-ROW($T$1) <= FILLME!$G$10, TRUE, FALSE) -> TRUE | U9: =IF(ROW()-ROW($U$1) <= FILLME!$G$11, TRUE, FALSE) -> TRUE
A10: =FILLME!$B$7 -> ISCO | B10: =IF(FILLME!$B$3 = "", "", FILLME!$B$3) | C10: =IF(FILLME!$B$7="ISCO",FILLME!$E$4,IF(FILLME!$B$7="Grab",FILLME!$E$5)) -> IS | D10: =IF(FILLME!$B$4 = "", "", FILLME!$B$4) -> SSEMG | E10: =TEXT(FILLME!$B$6,"yyyymmdd") -> 20260223 | F10: 0.66666667 | G10: =IF(FILLME!$B$7="ISCO",FILLME!$B$6+FILLME!$B$11+(FILLME!$B$13*(H10-FILLME!$B$14)),FILLME!$B$6) -> 46077.667 | H10: 9 | I10: 9 | J10: STA | K10: =CONCATENATE(J10,"_",TEXT(H10,"00")) -> STA_09 | L10: =CONCATENATE(D10,"_", J10,"_",E10,"_",TEXT(H10,"00")) -> SSEMG_STA_20260223_09 | M10: =CONCATENATE(D10,"_", J10,"_",C10,"_",TEXT(G10, "yyyymmdd"),"_",TEXT(F10, "hhmm")) -> SSEMG_STA_IS_20260224_1600 | N10: =IF(ROW()-ROW($N$1) <= FILLME!$G$4, TRUE, FALSE) -> TRUE | O10: =IF(ROW()-ROW($O$1) <= FILLME!$G$5, TRUE, FALSE) -> FALSE | P10: =IF(ROW()-ROW($P$1) <= FILLME!$G$7, TRUE, FALSE) -> FALSE | Q10: =IF(ROW()-ROW($Q$1) <= FILLME!$G$6, TRUE, FALSE) -> TRUE | R10: =IF(ROW()-ROW($R$1) <= FILLME!$G$8, TRUE, FALSE) -> TRUE | S10: =IF(ROW()-ROW($S$1) <= FILLME!$G$9, TRUE, FALSE) -> TRUE | T10: =IF(ROW()-ROW($T$1) <= FILLME!$G$10, TRUE, FALSE) -> TRUE | U10: =IF(ROW()-ROW($U$1) <= FILLME!$G$11, TRUE, FALSE) -> TRUE
A11: =FILLME!$B$7 -> ISCO | B11: =IF(FILLME!$B$3 = "", "", FILLME!$B$3) | C11: =IF(FILLME!$B$7="ISCO",FILLME!$E$4,IF(FILLME!$B$7="Grab",FILLME!$E$5)) -> IS | D11: =IF(FILLME!$B$4 = "", "", FILLME!$B$4) -> SSEMG | E11: =TEXT(FILLME!$B$6,"yyyymmdd") -> 20260223 | F11: 0.75 | G11: =IF(FILLME!$B$7="ISCO",FILLME!$B$6+FILLME!$B$11+(FILLME!$B$13*(H11-FILLME!$B$14)),FILLME!$B$6) -> 46077.75 | H11: 10 | I11: 10 | J11: STA | K11: =CONCATENATE(J11,"_",TEXT(H11,"00")) -> STA_10 | L11: =CONCATENATE(D11,"_", J11,"_",E11,"_",TEXT(H11,"00")) -> SSEMG_STA_20260223_10 | M11: =CONCATENATE(D11,"_", J11,"_",C11,"_",TEXT(G11, "yyyymmdd"),"_",TEXT(F11, "hhmm")) -> SSEMG_STA_IS_20260224_1800 | N11: =IF(ROW()-ROW($N$1) <= FILLME!$G$4, TRUE, FALSE) -> TRUE | O11: =IF(ROW()-ROW($O$1) <= FILLME!$G$5, TRUE, FALSE) -> FALSE | P11: =IF(ROW()-ROW($P$1) <= FILLME!$G$7, TRUE, FALSE) -> FALSE | Q11: =IF(ROW()-ROW($Q$1) <= FILLME!$G$6, TRUE, FALSE) -> TRUE | R11: =IF(ROW()-ROW($R$1) <= FILLME!$G$8, TRUE, FALSE) -> TRUE | S11: =IF(ROW()-ROW($S$1) <= FILLME!$G$9, TRUE, FALSE) -> TRUE | T11: =IF(ROW()-ROW($T$1) <= FILLME!$G$10, TRUE, FALSE) -> TRUE | U11: =IF(ROW()-ROW($U$1) <= FILLME!$G$11, TRUE, FALSE) -> TRUE
A12: =FILLME!$B$7 -> ISCO | B12: =IF(FILLME!$B$3 = "", "", FILLME!$B$3) | C12: =IF(FILLME!$B$7="ISCO",FILLME!$E$4,IF(FILLME!$B$7="Grab",FILLME!$E$5)) -> IS | D12: =IF(FILLME!$B$4 = "", "", FILLME!$B$4) -> SSEMG | E12: =TEXT(FILLME!$B$6,"yyyymmdd") -> 20260223 | F12: 0.83333333 | G12: =IF(FILLME!$B$7="ISCO",FILLME!$B$6+FILLME!$B$11+(FILLME!$B$13*(H12-FILLME!$B$14)),FILLME!$B$6) -> 46077.833 | H12: 11 | I12: 11 | J12: STA | K12: =CONCATENATE(J12,"_",TEXT(H12,"00")) -> STA_11 | L12: =CONCATENATE(D12,"_", J12,"_",E12,"_",TEXT(H12,"00")) -> SSEMG_STA_20260223_11 | M12: =CONCATENATE(D12,"_", J12,"_",C12,"_",TEXT(G12, "yyyymmdd"),"_",TEXT(F12, "hhmm")) -> SSEMG_STA_IS_20260224_2000 | N12: =IF(ROW()-ROW($N$1) <= FILLME!$G$4, TRUE, FALSE) -> TRUE | O12: =IF(ROW()-ROW($O$1) <= FILLME!$G$5, TRUE, FALSE) -> FALSE | P12: =IF(ROW()-ROW($P$1) <= FILLME!$G$7, TRUE, FALSE) -> FALSE | Q12: =IF(ROW()-ROW($Q$1) <= FILLME!$G$6, TRUE, FALSE) -> TRUE | R12: =IF(ROW()-ROW($R$1) <= FILLME!$G$8, TRUE, FALSE) -> TRUE | S12: =IF(ROW()-ROW($S$1) <= FILLME!$G$9, TRUE, FALSE) -> TRUE | T12: =IF(ROW()-ROW($T$1) <= FILLME!$G$10, TRUE, FALSE) -> TRUE | U12: =IF(ROW()-ROW($U$1) <= FILLME!$G$11, TRUE, FALSE) -> TRUE
A13: =FILLME!$B$7 -> ISCO | B13: =IF(FILLME!$B$3 = "", "", FILLME!$B$3) | C13: =IF(FILLME!$B$7="ISCO",FILLME!$E$4,IF(FILLME!$B$7="Grab",FILLME!$E$5)) -> IS | D13: =IF(FILLME!$B$4 = "", "", FILLME!$B$4) -> SSEMG | E13: =TEXT(FILLME!$B$6,"yyyymmdd") -> 20260223 | F13: 0.91666667 | G13: =IF(FILLME!$B$7="ISCO",FILLME!$B$6+FILLME!$B$11+(FILLME!$B$13*(H13-FILLME!$B$14)),FILLME!$B$6) -> 46077.917 | H13: 12 | I13: 12 | J13: STA | K13: =CONCATENATE(J13,"_",TEXT(H13,"00")) -> STA_12 | L13: =CONCATENATE(D13,"_", J13,"_",E13,"_",TEXT(H13,"00")) -> SSEMG_STA_20260223_12 | M13: =CONCATENATE(D13,"_", J13,"_",C13,"_",TEXT(G13, "yyyymmdd"),"_",TEXT(F13, "hhmm")) -> SSEMG_STA_IS_20260224_2200 | N13: =IF(ROW()-ROW($N$1) <= FILLME!$G$4, TRUE, FALSE) -> TRUE | O13: =IF(ROW()-ROW($O$1) <= FILLME!$G$5, TRUE, FALSE) -> FALSE | P13: =IF(ROW()-ROW($P$1) <= FILLME!$G$7, TRUE, FALSE) -> FALSE | Q13: =IF(ROW()-ROW($Q$1) <= FILLME!$G$6, TRUE, FALSE) -> TRUE | R13: =IF(ROW()-ROW($R$1) <= FILLME!$G$8, TRUE, FALSE) -> TRUE | S13: =IF(ROW()-ROW($S$1) <= FILLME!$G$9, TRUE, FALSE) -> TRUE | T13: =IF(ROW()-ROW($T$1) <= FILLME!$G$10, TRUE, FALSE) -> TRUE | U13: =IF(ROW()-ROW($U$1) <= FILLME!$G$11, TRUE, FALSE) -> TRUE
A14: =FILLME!$B$7 -> ISCO | B14: =IF(FILLME!$B$3 = "", "", FILLME!$B$3) | C14: =IF(FILLME!$B$7="ISCO",FILLME!$E$4,IF(FILLME!$B$7="Grab",FILLME!$E$5)) -> IS | D14: =IF(FILLME!$B$4 = "", "", FILLME!$B$4) -> SSEMG | E14: =TEXT(FILLME!$B$6,"yyyymmdd") -> 20260223 | F14: 0 | G14: =IF(FILLME!$B$7="ISCO",FILLME!$B$6+FILLME!$B$11+(FILLME!$B$13*(H14-FILLME!$B$14)),FILLME!$B$6) -> 46078 | H14: 13 | I14: 13 | J14: STA | K14: =CONCATENATE(J14,"_",TEXT(H14,"00")) -> STA_13 | L14: =CONCATENATE(D14,"_", J14,"_",E14,"_",TEXT(H14,"00")) -> SSEMG_STA_20260223_13 | M14: =CONCATENATE(D14,"_", J14,"_",C14,"_",TEXT(G14, "yyyymmdd"),"_",TEXT(F14, "hhmm")) -> SSEMG_STA_IS_20260225_0000 | N14: =IF(ROW()-ROW($N$1) <= FILLME!$G$4, TRUE, FALSE) -> TRUE | O14: =IF(ROW()-ROW($O$1) <= FILLME!$G$5, TRUE, FALSE) -> FALSE | P14: =IF(ROW()-ROW($P$1) <= FILLME!$G$7, TRUE, FALSE) -> FALSE | Q14: =IF(ROW()-ROW($Q$1) <= FILLME!$G$6, TRUE, FALSE) -> TRUE | R14: =IF(ROW()-ROW($R$1) <= FILLME!$G$8, TRUE, FALSE) -> TRUE | S14: =IF(ROW()-ROW($S$1) <= FILLME!$G$9, TRUE, FALSE) -> TRUE | T14: =IF(ROW()-ROW($T$1) <= FILLME!$G$10, TRUE, FALSE) -> TRUE | U14: =IF(ROW()-ROW($U$1) <= FILLME!$G$11, TRUE, FALSE) -> TRUE
... A101: =FILLME!$B$7 -> ISCO | B101: =IF(FILLME!$B$3 = "", "", FILLME!$B$3) | C101: =IF(FILLME!$B$7="ISCO",FILLME!$E$4,IF(FILLME!$B$7="Grab",FILLME!$E$5)) -> IS | D101: =IF(FILLME!$B$4 = "", "", FILLME!$B$4) -> SSEMG | E101: =TEXT(FILLME!$B$6,"yyyymmdd") -> 20260223 | F101: 0.25 | G101: =IF(FILLME!$B$7="ISCO",FILLME!$B$6+FILLME!$B$11+(FILLME!$B$13*(H101-FILLME!$B$14)),FILLME!$B$6) -> 46085.25 | H101: 100 | I101: 4 | J101: STA | K101: =CONCATENATE(J101,"_",TEXT(H101,"00")) -> STA_100 | L101: =CONCATENATE(D101,"_", J101,"_",E101,"_",TEXT(H101,"00")) -> SSEMG_STA_20260223_100 | M101: =CONCATENATE(D101,"_", J101,"_",C101,"_",TEXT(G101, "yyyymmdd"),"_",TEXT(F101, "hhmm")) -> SSEMG_STA_IS_20260304_0600 | N101: =IF(ROW()-ROW($N$1) <= FILLME!$G$4, TRUE, FALSE) -> TRUE | O101: =IF(ROW()-ROW($O$1) <= FILLME!$G$5, TRUE, FALSE) -> FALSE | P101: =IF(ROW()-ROW($P$1) <= FILLME!$G$7, TRUE, FALSE) -> FALSE | Q101: =IF(ROW()-ROW($Q$1) <= FILLME!$G$6, TRUE, FALSE) -> TRUE | R101: =IF(ROW()-ROW($R$1) <= FILLME!$G$8, TRUE, FALSE) -> TRUE | S101: =IF(ROW()-ROW($S$1) <= FILLME!$G$9, TRUE, FALSE) -> TRUE | T101: =IF(ROW()-ROW($T$1) <= FILLME!$G$10, TRUE, FALSE) -> TRUE | U101: =IF(ROW()-ROW($U$1) <= FILLME!$G$11, TRUE, FALSE) -> TRUE
A102: =FILLME!$B$7 -> ISCO | B102: =IF(FILLME!$B$3 = "", "", FILLME!$B$3) | C102: =IF(FILLME!$B$7="ISCO",FILLME!$E$4,IF(FILLME!$B$7="Grab",FILLME!$E$5)) -> IS | D102: =IF(FILLME!$B$4 = "", "", FILLME!$B$4) -> SSEMG | E102: =TEXT(FILLME!$B$6,"yyyymmdd") -> 20260223 | G102: =IF(FILLME!$B$7="ISCO",FILLME!$B$6+FILLME!$B$11+(FILLME!$B$13*(H102-FILLME!$B$14)),FILLME!$B$6) -> 46076.917 | K102: =CONCATENATE(J102,"_",TEXT(H102,"00")) -> _00 | L102: =CONCATENATE(D102,"_", J102,"_",E102,"_",TEXT(H102,"00")) -> SSEMG__20260223_00 | M102: =CONCATENATE(D102,"_", J102,"_",C102,"_",TEXT(G102, "yyyymmdd"),"_",TEXT(F102, "hhmm")) -> SSEMG__IS_20260223_0000 | N102: =IF(ROW()-ROW($N$1) <= FILLME!$G$4, TRUE, FALSE) -> FALSE | O102: =IF(ROW()-ROW($O$1) <= FILLME!$G$5, TRUE, FALSE) -> FALSE | P102: =IF(ROW()-ROW($P$1) <= FILLME!$G$7, TRUE, FALSE) -> FALSE | Q102: =IF(ROW()-ROW($Q$1) <= FILLME!$G$6, TRUE, FALSE) -> FALSE | R102: =IF(ROW()-ROW($R$1) <= FILLME!$G$8, TRUE, FALSE) -> FALSE | S102: =IF(ROW()-ROW($S$1) <= FILLME!$G$9, TRUE, FALSE) -> FALSE | T102: =IF(ROW()-ROW($T$1) <= FILLME!$G$10, TRUE, FALSE) -> FALSE | U102: =IF(ROW()-ROW($U$1) <= FILLME!$G$11, TRUE, FALSE) -> FALSE
A103: =FILLME!$B$7 -> ISCO | B103: =IF(FILLME!$B$3 = "", "", FILLME!$B$3) | C103: =IF(FILLME!$B$7="ISCO",FILLME!$E$4,IF(FILLME!$B$7="Grab",FILLME!$E$5)) -> IS | D103: =IF(FILLME!$B$4 = "", "", FILLME!$B$4) -> SSEMG | E103: =TEXT(FILLME!$B$6,"yyyymmdd") -> 20260223 | G103: =IF(FILLME!$B$7="ISCO",FILLME!$B$6+FILLME!$B$11+(FILLME!$B$13*(H103-FILLME!$B$14)),FILLME!$B$6) -> 46076.917 | K103: =CONCATENATE(J103,"_",TEXT(H103,"00")) -> _00 | L103: =CONCATENATE(D103,"_", J103,"_",E103,"_",TEXT(H103,"00")) -> SSEMG__20260223_00 | M103: =CONCATENATE(D103,"_", J103,"_",C103,"_",TEXT(G103, "yyyymmdd"),"_",TEXT(F103, "hhmm")) -> SSEMG__IS_20260223_0000 | N103: =IF(ROW()-ROW($N$1) <= FILLME!$G$4, TRUE, FALSE) -> FALSE | O103: =IF(ROW()-ROW($O$1) <= FILLME!$G$5, TRUE, FALSE) -> FALSE | P103: =IF(ROW()-ROW($P$1) <= FILLME!$G$7, TRUE, FALSE) -> FALSE | Q103: =IF(ROW()-ROW($Q$1) <= FILLME!$G$6, TRUE, FALSE) -> FALSE | R103: =IF(ROW()-ROW($R$1) <= FILLME!$G$8, TRUE, FALSE) -> FALSE | S103: =IF(ROW()-ROW($S$1) <= FILLME!$G$9, TRUE, FALSE) -> FALSE | T103: =IF(ROW()-ROW($T$1) <= FILLME!$G$10, TRUE, FALSE) -> FALSE | U103: =IF(ROW()-ROW($U$1) <= FILLME!$G$11, TRUE, FALSE) -> FALSE
A104: =FILLME!$B$7 -> ISCO | B104: =IF(FILLME!$B$3 = "", "", FILLME!$B$3) | C104: =IF(FILLME!$B$7="ISCO",FILLME!$E$4,IF(FILLME!$B$7="Grab",FILLME!$E$5)) -> IS | D104: =IF(FILLME!$B$4 = "", "", FILLME!$B$4) -> SSEMG | E104: =TEXT(FILLME!$B$6,"yyyymmdd") -> 20260223 | G104: =IF(FILLME!$B$7="ISCO",FILLME!$B$6+FILLME!$B$11+(FILLME!$B$13*(H104-FILLME!$B$14)),FILLME!$B$6) -> 46076.917 | K104: =CONCATENATE(J104,"_",TEXT(H104,"00")) -> _00 | L104: =CONCATENATE(D104,"_", J104,"_",E104,"_",TEXT(H104,"00")) -> SSEMG__20260223_00 | M104: =CONCATENATE(D104,"_", J104,"_",C104,"_",TEXT(G104, "yyyymmdd"),"_",TEXT(F104, "hhmm")) -> SSEMG__IS_20260223_0000 | N104: =IF(ROW()-ROW($N$1) <= FILLME!$G$4, TRUE, FALSE) -> FALSE | O104: =IF(ROW()-ROW($O$1) <= FILLME!$G$5, TRUE, FALSE) -> FALSE | P104: =IF(ROW()-ROW($P$1) <= FILLME!$G$7, TRUE, FALSE) -> FALSE | Q104: =IF(ROW()-ROW($Q$1) <= FILLME!$G$6, TRUE, FALSE) -> FALSE | R104: =IF(ROW()-ROW($R$1) <= FILLME!$G$8, TRUE, FALSE) -> FALSE | S104: =IF(ROW()-ROW($S$1) <= FILLME!$G$9, TRUE, FALSE) -> FALSE | T104: =IF(ROW()-ROW($T$1) <= FILLME!$G$10, TRUE, FALSE) -> FALSE | U104: =IF(ROW()-ROW($U$1) <= FILLME!$G$11, TRUE, FALSE) -> FALSE
A105: =FILLME!$B$7 -> ISCO | B105: =IF(FILLME!$B$3 = "", "", FILLME!$B$3) | C105: =IF(FILLME!$B$7="ISCO",FILLME!$E$4,IF(FILLME!$B$7="Grab",FILLME!$E$5)) -> IS | D105: =IF(FILLME!$B$4 = "", "", FILLME!$B$4) -> SSEMG | E105: =TEXT(FILLME!$B$6,"yyyymmdd") -> 20260223 | G105: =IF(FILLME!$B$7="ISCO",FILLME!$B$6+FILLME!$B$11+(FILLME!$B$13*(H105-FILLME!$B$14)),FILLME!$B$6) -> 46076.917 | K105: =CONCATENATE(J105,"_",TEXT(H105,"00")) -> _00 | L105: =CONCATENATE(D105,"_", J105,"_",E105,"_",TEXT(H105,"00")) -> SSEMG__20260223_00 | M105: =CONCATENATE(D105,"_", J105,"_",C105,"_",TEXT(G105, "yyyymmdd"),"_",TEXT(F105, "hhmm")) -> SSEMG__IS_20260223_0000 | N105: =IF(ROW()-ROW($N$1) <= FILLME!$G$4, TRUE, FALSE) -> FALSE | O105: =IF(ROW()-ROW($O$1) <= FILLME!$G$5, TRUE, FALSE) -> FALSE | P105: =IF(ROW()-ROW($P$1) <= FILLME!$G$7, TRUE, FALSE) -> FALSE | Q105: =IF(ROW()-ROW($Q$1) <= FILLME!$G$6, TRUE, FALSE) -> FALSE | R105: =IF(ROW()-ROW($R$1) <= FILLME!$G$8, TRUE, FALSE) -> FALSE | S105: =IF(ROW()-ROW($S$1) <= FILLME!$G$9, TRUE, FALSE) -> FALSE | T105: =IF(ROW()-ROW($T$1) <= FILLME!$G$10, TRUE, FALSE) -> FALSE | U105: =IF(ROW()-ROW($U$1) <= FILLME!$G$11, TRUE, FALSE) -> FALSE
A106: =FILLME!$B$7 -> ISCO | B106: =IF(FILLME!$B$3 = "", "", FILLME!$B$3) | C106: =IF(FILLME!$B$7="ISCO",FILLME!$E$4,IF(FILLME!$B$7="Grab",FILLME!$E$5)) -> IS | D106: =IF(FILLME!$B$4 = "", "", FILLME!$B$4) -> SSEMG | E106: =TEXT(FILLME!$B$6,"yyyymmdd") -> 20260223 | G106: =IF(FILLME!$B$7="ISCO",FILLME!$B$6+FILLME!$B$11+(FILLME!$B$13*(H106-FILLME!$B$14)),FILLME!$B$6) -> 46076.917 | K106: =CONCATENATE(J106,"_",TEXT(H106,"00")) -> _00 | L106: =CONCATENATE(D106,"_", J106,"_",E106,"_",TEXT(H106,"00")) -> SSEMG__20260223_00 | M106: =CONCATENATE(D106,"_", J106,"_",C106,"_",TEXT(G106, "yyyymmdd"),"_",TEXT(F106, "hhmm")) -> SSEMG__IS_20260223_0000 | N106: =IF(ROW()-ROW($N$1) <= FILLME!$G$4, TRUE, FALSE) -> FALSE | O106: =IF(ROW()-ROW($O$1) <= FILLME!$G$5, TRUE, FALSE) -> FALSE | P106: =IF(ROW()-ROW($P$1) <= FILLME!$G$7, TRUE, FALSE) -> FALSE | Q106: =IF(ROW()-ROW($Q$1) <= FILLME!$G$6, TRUE, FALSE) -> FALSE | R106: =IF(ROW()-ROW($R$1) <= FILLME!$G$8, TRUE, FALSE) -> FALSE | S106: =IF(ROW()-ROW($S$1) <= FILLME!$G$9, TRUE, FALSE) -> FALSE | T106: =IF(ROW()-ROW($T$1) <= FILLME!$G$10, TRUE, FALSE) -> FALSE | U106: =IF(ROW()-ROW($U$1) <= FILLME!$G$11, TRUE, FALSE) -> FALSE
A107: =FILLME!$B$7 -> ISCO | B107: =IF(FILLME!$B$3 = "", "", FILLME!$B$3) | C107: =IF(FILLME!$B$7="ISCO",FILLME!$E$4,IF(FILLME!$B$7="Grab",FILLME!$E$5)) -> IS | D107: =IF(FILLME!$B$4 = "", "", FILLME!$B$4) -> SSEMG | E107: =TEXT(FILLME!$B$6,"yyyymmdd") -> 20260223 | G107: =IF(FILLME!$B$7="ISCO",FILLME!$B$6+FILLME!$B$11+(FILLME!$B$13*(H107-FILLME!$B$14)),FILLME!$B$6) -> 46076.917 | K107: =CONCATENATE(J107,"_",TEXT(H107,"00")) -> _00 | L107: =CONCATENATE(D107,"_", J107,"_",E107,"_",TEXT(H107,"00")) -> SSEMG__20260223_00 | M107: =CONCATENATE(D107,"_", J107,"_",C107,"_",TEXT(G107, "yyyymmdd"),"_",TEXT(F107, "hhmm")) -> SSEMG__IS_20260223_0000 | N107: =IF(ROW()-ROW($N$1) <= FILLME!$G$4, TRUE, FALSE) -> FALSE | O107: =IF(ROW()-ROW($O$1) <= FILLME!$G$5, TRUE, FALSE) -> FALSE | P107: =IF(ROW()-ROW($P$1) <= FILLME!$G$7, TRUE, FALSE) -> FALSE | Q107: =IF(ROW()-ROW($Q$1) <= FILLME!$G$6, TRUE, FALSE) -> FALSE | R107: =IF(ROW()-ROW($R$1) <= FILLME!$G$8, TRUE, FALSE) -> FALSE | S107: =IF(ROW()-ROW($S$1) <= FILLME!$G$9, TRUE, FALSE) -> FALSE | T107: =IF(ROW()-ROW($T$1) <= FILLME!$G$10, TRUE, FALSE) -> FALSE | U107: =IF(ROW()-ROW($U$1) <= FILLME!$G$11, TRUE, FALSE) -> FALSE
A108: =FILLME!$B$7 -> ISCO | B108: =IF(FILLME!$B$3 = "", "", FILLME!$B$3) | C108: =IF(FILLME!$B$7="ISCO",FILLME!$E$4,IF(FILLME!$B$7="Grab",FILLME!$E$5)) -> IS | D108: =IF(FILLME!$B$4 = "", "", FILLME!$B$4) -> SSEMG | E108: =TEXT(FILLME!$B$6,"yyyymmdd") -> 20260223 | G108: =IF(FILLME!$B$7="ISCO",FILLME!$B$6+FILLME!$B$11+(FILLME!$B$13*(H108-FILLME!$B$14)),FILLME!$B$6) -> 46076.917 | K108: =CONCATENATE(J108,"_",TEXT(H108,"00")) -> _00 | L108: =CONCATENATE(D108,"_", J108,"_",E108,"_",TEXT(H108,"00")) -> SSEMG__20260223_00 | M108: =CONCATENATE(D108,"_", J108,"_",C108,"_",TEXT(G108, "yyyymmdd"),"_",TEXT(F108, "hhmm")) -> SSEMG__IS_20260223_0000 | N108: =IF(ROW()-ROW($N$1) <= FILLME!$G$4, TRUE, FALSE) -> FALSE | O108: =IF(ROW()-ROW($O$1) <= FILLME!$G$5, TRUE, FALSE) -> FALSE | P108: =IF(ROW()-ROW($P$1) <= FILLME!$G$7, TRUE, FALSE) -> FALSE | Q108: =IF(ROW()-ROW($Q$1) <= FILLME!$G$6, TRUE, FALSE) -> FALSE | R108: =IF(ROW()-ROW($R$1) <= FILLME!$G$8, TRUE, FALSE) -> FALSE | S108: =IF(ROW()-ROW($S$1) <= FILLME!$G$9, TRUE, FALSE) -> FALSE | T108: =IF(ROW()-ROW($T$1) <= FILLME!$G$10, TRUE, FALSE) -> FALSE | U108: =IF(ROW()-ROW($U$1) <= FILLME!$G$11, TRUE, FALSE) -> FALSE
A109: =FILLME!$B$7 -> ISCO | B109: =IF(FILLME!$B$3 = "", "", FILLME!$B$3) | C109: =IF(FILLME!$B$7="ISCO",FILLME!$E$4,IF(FILLME!$B$7="Grab",FILLME!$E$5)) -> IS | D109: =IF(FILLME!$B$4 = "", "", FILLME!$B$4) -> SSEMG | E109: =TEXT(FILLME!$B$6,"yyyymmdd") -> 20260223 | G109: =IF(FILLME!$B$7="ISCO",FILLME!$B$6+FILLME!$B$11+(FILLME!$B$13*(H109-FILLME!$B$14)),FILLME!$B$6) -> 46076.917 | K109: =CONCATENATE(J109,"_",TEXT(H109,"00")) -> _00 | L109: =CONCATENATE(D109,"_", J109,"_",E109,"_",TEXT(H109,"00")) -> SSEMG__20260223_00 | M109: =CONCATENATE(D109,"_", J109,"_",C109,"_",TEXT(G109, "yyyymmdd"),"_",TEXT(F109, "hhmm")) -> SSEMG__IS_20260223_0000 | N109: =IF(ROW()-ROW($N$1) <= FILLME!$G$4, TRUE, FALSE) -> FALSE | O109: =IF(ROW()-ROW($O$1) <= FILLME!$G$5, TRUE, FALSE) -> FALSE | P109: =IF(ROW()-ROW($P$1) <= FILLME!$G$7, TRUE, FALSE) -> FALSE | Q109: =IF(ROW()-ROW($Q$1) <= FILLME!$G$6, TRUE, FALSE) -> FALSE | R109: =IF(ROW()-ROW($R$1) <= FILLME!$G$8, TRUE, FALSE) -> FALSE | S109: =IF(ROW()-ROW($S$1) <= FILLME!$G$9, TRUE, FALSE) -> FALSE | T109: =IF(ROW()-ROW($T$1) <= FILLME!$G$10, TRUE, FALSE) -> FALSE | U109: =IF(ROW()-ROW($U$1) <= FILLME!$G$11, TRUE, FALSE) -> FALSE
A110: =FILLME!$B$7 -> ISCO | B110: =IF(FILLME!$B$3 = "", "", FILLME!$B$3) | C110: =IF(FILLME!$B$7="ISCO",FILLME!$E$4,IF(FILLME!$B$7="Grab",FILLME!$E$5)) -> IS | D110: =IF(FILLME!$B$4 = "", "", FILLME!$B$4) -> SSEMG | E110: =TEXT(FILLME!$B$6,"yyyymmdd") -> 20260223 | G110: =IF(FILLME!$B$7="ISCO",FILLME!$B$6+FILLME!$B$11+(FILLME!$B$13*(H110-FILLME!$B$14)),FILLME!$B$6) -> 46076.917 | K110: =CONCATENATE(J110,"_",TEXT(H110,"00")) -> _00 | L110: =CONCATENATE(D110,"_", J110,"_",E110,"_",TEXT(H110,"00")) -> SSEMG__20260223_00 | M110: =CONCATENATE(D110,"_", J110,"_",C110,"_",TEXT(G110, "yyyymmdd"),"_",TEXT(F110, "hhmm")) -> SSEMG__IS_20260223_0000 | N110: =IF(ROW()-ROW($N$1) <= FILLME!$G$4, TRUE, FALSE) -> FALSE | O110: =IF(ROW()-ROW($O$1) <= FILLME!$G$5, TRUE, FALSE) -> FALSE | P110: =IF(ROW()-ROW($P$1) <= FILLME!$G$7, TRUE, FALSE) -> FALSE | Q110: =IF(ROW()-ROW($Q$1) <= FILLME!$G$6, TRUE, FALSE) -> FALSE | R110: =IF(ROW()-ROW($R$1) <= FILLME!$G$8, TRUE, FALSE) -> FALSE | S110: =IF(ROW()-ROW($S$1) <= FILLME!$G$9, TRUE, FALSE) -> FALSE | T110: =IF(ROW()-ROW($T$1) <= FILLME!$G$10, TRUE, FALSE) -> FALSE | U110: =IF(ROW()-ROW($U$1) <= FILLME!$G$11, TRUE, FALSE) -> FALSE
A111: =FILLME!$B$7 -> ISCO | B111: =IF(FILLME!$B$3 = "", "", FILLME!$B$3) | C111: =IF(FILLME!$B$7="ISCO",FILLME!$E$4,IF(FILLME!$B$7="Grab",FILLME!$E$5)) -> IS | D111: =IF(FILLME!$B$4 = "", "", FILLME!$B$4) -> SSEMG | E111: =TEXT(FILLME!$B$6,"yyyymmdd") -> 20260223 | G111: =IF(FILLME!$B$7="ISCO",FILLME!$B$6+FILLME!$B$11+(FILLME!$B$13*(H111-FILLME!$B$14)),FILLME!$B$6) -> 46076.917 | K111: =CONCATENATE(J111,"_",TEXT(H111,"00")) -> _00 | L111: =CONCATENATE(D111,"_", J111,"_",E111,"_",TEXT(H111,"00")) -> SSEMG__20260223_00 | M111: =CONCATENATE(D111,"_", J111,"_",C111,"_",TEXT(G111, "yyyymmdd"),"_",TEXT(F111, "hhmm")) -> SSEMG__IS_20260223_0000 | N111: =IF(ROW()-ROW($N$1) <= FILLME!$G$4, TRUE, FALSE) -> FALSE | O111: =IF(ROW()-ROW($O$1) <= FILLME!$G$5, TRUE, FALSE) -> FALSE | P111: =IF(ROW()-ROW($P$1) <= FILLME!$G$7, TRUE, FALSE) -> FALSE | Q111: =IF(ROW()-ROW($Q$1) <= FILLME!$G$6, TRUE, FALSE) -> FALSE | R111: =IF(ROW()-ROW($R$1) <= FILLME!$G$8, TRUE, FALSE) -> FALSE | S111: =IF(ROW()-ROW($S$1) <= FILLME!$G$9, TRUE, FALSE) -> FALSE | T111: =IF(ROW()-ROW($T$1) <= FILLME!$G$10, TRUE, FALSE) -> FALSE | U111: =IF(ROW()-ROW($U$1) <= FILLME!$G$11, TRUE, FALSE) -> FALSE
A112: =FILLME!$B$7 -> ISCO | B112: =IF(FILLME!$B$3 = "", "", FILLME!$B$3) | C112: =IF(FILLME!$B$7="ISCO",FILLME!$E$4,IF(FILLME!$B$7="Grab",FILLME!$E$5)) -> IS | D112: =IF(FILLME!$B$4 = "", "", FILLME!$B$4) -> SSEMG | E112: =TEXT(FILLME!$B$6,"yyyymmdd") -> 20260223 | G112: =IF(FILLME!$B$7="ISCO",FILLME!$B$6+FILLME!$B$11+(FILLME!$B$13*(H112-FILLME!$B$14)),FILLME!$B$6) -> 46076.917 | K112: =CONCATENATE(J112,"_",TEXT(H112,"00")) -> _00 | L112: =CONCATENATE(D112,"_", J112,"_",E112,"_",TEXT(H112,"00")) -> SSEMG__20260223_00 | M112: =CONCATENATE(D112,"_", J112,"_",C112,"_",TEXT(G112, "yyyymmdd"),"_",TEXT(F112, "hhmm")) -> SSEMG__IS_20260223_0000 | N112: =IF(ROW()-ROW($N$1) <= FILLME!$G$4, TRUE, FALSE) -> FALSE | O112: =IF(ROW()-ROW($O$1) <= FILLME!$G$5, TRUE, FALSE) -> FALSE | P112: =IF(ROW()-ROW($P$1) <= FILLME!$G$7, TRUE, FALSE) -> FALSE | Q112: =IF(ROW()-ROW($Q$1) <= FILLME!$G$6, TRUE, FALSE) -> FALSE | R112: =IF(ROW()-ROW($R$1) <= FILLME!$G$8, TRUE, FALSE) -> FALSE | S112: =IF(ROW()-ROW($S$1) <= FILLME!$G$9, TRUE, FALSE) -> FALSE | T112: =IF(ROW()-ROW($T$1) <= FILLME!$G$10, TRUE, FALSE) -> FALSE | U112: =IF(ROW()-ROW($U$1) <= FILLME!$G$11, TRUE, FALSE) -> FALSE
A113: =FILLME!$B$7 -> ISCO | B113: =IF(FILLME!$B$3 = "", "", FILLME!$B$3) | C113: =IF(FILLME!$B$7="ISCO",FILLME!$E$4,IF(FILLME!$B$7="Grab",FILLME!$E$5)) -> IS | D113: =IF(FILLME!$B$4 = "", "", FILLME!$B$4) -> SSEMG | E113: =TEXT(FILLME!$B$6,"yyyymmdd") -> 20260223 | G113: =IF(FILLME!$B$7="ISCO",FILLME!$B$6+FILLME!$B$11+(FILLME!$B$13*(H113-FILLME!$B$14)),FILLME!$B$6) -> 46076.917 | K113: =CONCATENATE(J113,"_",TEXT(H113,"00")) -> _00 | L113: =CONCATENATE(D113,"_", J113,"_",E113,"_",TEXT(H113,"00")) -> SSEMG__20260223_00 | M113: =CONCATENATE(D113,"_", J113,"_",C113,"_",TEXT(G113, "yyyymmdd"),"_",TEXT(F113, "hhmm")) -> SSEMG__IS_20260223_0000 | N113: =IF(ROW()-ROW($N$1) <= FILLME!$G$4, TRUE, FALSE) -> FALSE | O113: =IF(ROW()-ROW($O$1) <= FILLME!$G$5, TRUE, FALSE) -> FALSE | P113: =IF(ROW()-ROW($P$1) <= FILLME!$G$7, TRUE, FALSE) -> FALSE | Q113: =IF(ROW()-ROW($Q$1) <= FILLME!$G$6, TRUE, FALSE) -> FALSE | R113: =IF(ROW()-ROW($R$1) <= FILLME!$G$8, TRUE, FALSE) -> FALSE | S113: =IF(ROW()-ROW($S$1) <= FILLME!$G$9, TRUE, FALSE) -> FALSE | T113: =IF(ROW()-ROW($T$1) <= FILLME!$G$10, TRUE, FALSE) -> FALSE | U113: =IF(ROW()-ROW($U$1) <= FILLME!$G$11, TRUE, FALSE) -> FALSE
... A321: =FILLME!$B$7 -> ISCO | B321: =IF(FILLME!$B$3 = "", "", FILLME!$B$3) | C321: =IF(FILLME!$B$7="ISCO",FILLME!$E$4,IF(FILLME!$B$7="Grab",FILLME!$E$5)) -> IS | D321: =IF(FILLME!$B$4 = "", "", FILLME!$B$4) -> SSEMG | E321: =TEXT(FILLME!$B$6,"yyyymmdd") -> 20260223 | G321: =IF(FILLME!$B$7="ISCO",FILLME!$B$6+FILLME!$B$11+(FILLME!$B$13*(H321-FILLME!$B$14)),FILLME!$B$6) -> 46076.917 | K321: =CONCATENATE(J321,"_",TEXT(H321,"00")) -> _00 | L321: =CONCATENATE(D321,"_", J321,"_",E321,"_",TEXT(H321,"00")) -> SSEMG__20260223_00 | M321: =CONCATENATE(D321,"_", J321,"_",C321,"_",TEXT(G321, "yyyymmdd"),"_",TEXT(F321, "hhmm")) -> SSEMG__IS_20260223_0000 | N321: =IF(ROW()-ROW($N$1) <= FILLME!$G$4, TRUE, FALSE) -> FALSE | O321: =IF(ROW()-ROW($O$1) <= FILLME!$G$5, TRUE, FALSE) -> FALSE | P321: =IF(ROW()-ROW($P$1) <= FILLME!$G$7, TRUE, FALSE) -> FALSE | Q321: =IF(ROW()-ROW($Q$1) <= FILLME!$G$6, TRUE, FALSE) -> FALSE | R321: =IF(ROW()-ROW($R$1) <= FILLME!$G$8, TRUE, FALSE) -> FALSE | S321: =IF(ROW()-ROW($S$1) <= FILLME!$G$9, TRUE, FALSE) -> FALSE | T321: =IF(ROW()-ROW($T$1) <= FILLME!$G$10, TRUE, FALSE) -> FALSE | U321: =IF(ROW()-ROW($U$1) <= FILLME!$G$11, TRUE, FALSE) -> FALSE

Sheet Random numbers
A1: Generator | B1: Copy paste values only here
A2: {=_xlfn.SORTBY(_xlfn.SEQUENCE((FILLME!B16*FILLME!B5+FILLME!B18),1,1,1),_xlfn.RANDARRAY(FILLME!B16*FILLME!B5+FILLME!B18))} -> 89 | B2: 41
A3: 24 | B3: 90
A4: 25 | B4: 30
A5: 75 | B5: 37
A6: 12 | B6: 2
A7: 73 | B7: 61
A8: 42 | B8: 38
A9: 43 | B9: 10
A10: 11 | B10: 21
A11: 1 | B11: 72
A12: 2 | B12: 3
A13: 98 | B13: 56
A14: 39 | B14: 77
... A101: 31 | B101: 71

Sheet Labels-Field
A1: Analysis | B1: Bottle Sample ID | C1: Bottle order (ISCO) | D1: Random number ID
A2: {=_xlfn._xlws.SORT( _xlfn.LET( _xlpm.data, 'Label IDs'!N2:P321, _xlpm.headers, 'Label IDs'!N1:P1, _xlpm.values, IF(FILLME!B8 = "Bottle Number", 'Label IDs'!K2:K321, IF(FILLME!B8 = "Sample Date/Time", 'Label IDs'!M2:M321,'Label IDs'!L2:L321)), _xlpm.nrows, ROWS(_xlpm.data), _xlpm.ncols, COLUMNS(_xlpm.data), _xlpm.rowidx, INT((_xlfn.SEQUENCE(_xlpm.nrows*_xlpm.ncols)-1)/_xlpm.ncols)+1, _xlpm.colidx, MOD(_xlfn.SEQUENCE(_xlpm.nrows*_xlpm.ncols)-1, _xlpm.ncols)+1, _xlpm.flag, INDEX(_xlpm.data, _xlpm.rowidx, _xlpm.colidx), _xlpm.val, INDEX(_xlpm.values, _xlpm.rowidx), _xlpm.hdr, INDEX(_xlpm.headers, _xlpm.colidx), _xlpm.empty, CHOOSE({1,2}, "", ""), _xlpm.base, _xlfn._xlws.FILTER(CHOOSE({1,2}, _xlpm.hdr, _xlpm.val), _xlpm.flag, _xlpm.empty), _xlpm.normal, _xlfn._xlws.FILTER(_xlpm.base, INDEX(_xlpm.base,,1)<>"BPCA", _xlpm.empty), _xlpm.bpca, _xlfn._xlws.FILTER(_xlpm.base, INDEX(_xlpm.base,,1)="BPCA", _xlpm.empty), IF(COUNTA(_xlpm.base)=0, _xlpm.empty, IF(COUNTA(_xlpm.bpca)=0, _xlpm.normal, _xlfn.VSTACK(_xlpm.normal, _xlpm.bpca, _xlpm.bpca) ) ) ), {1,2}, {-1,1} )} -> ISCO | B2: SSEMG_STA_IS_20260224_0000 | C2: ='Label IDs'!I2 -> 1
A3: ISCO | B3: SSEMG_STA_IS_20260224_0200 | C3: ='Label IDs'!I3 -> 2
A4: ISCO | B4: SSEMG_STA_IS_20260224_0400 | C4: ='Label IDs'!I4 -> 3
A5: ISCO | B5: SSEMG_STA_IS_20260224_0600 | C5: ='Label IDs'!I5 -> 4
A6: ISCO | B6: SSEMG_STA_IS_20260224_0800 | C6: ='Label IDs'!I6 -> 5
A7: ISCO | B7: SSEMG_STA_IS_20260224_1000 | C7: ='Label IDs'!I7 -> 6
A8: ISCO | B8: SSEMG_STA_IS_20260224_1200 | C8: ='Label IDs'!I8 -> 7
A9: ISCO | B9: SSEMG_STA_IS_20260224_1400 | C9: ='Label IDs'!I9 -> 8
A10: ISCO | B10: SSEMG_STA_IS_20260224_1600 | C10: ='Label IDs'!I10 -> 9
A11: ISCO | B11: SSEMG_STA_IS_20260224_1800 | C11: ='Label IDs'!I11 -> 10
A12: ISCO | B12: SSEMG_STA_IS_20260224_2000 | C12: ='Label IDs'!I12 -> 11
A13: ISCO | B13: SSEMG_STA_IS_20260224_2200 | C13: ='Label IDs'!I13 -> 12
A14: ISCO | B14: SSEMG_STA_IS_20260225_0000 | C14: ='Label IDs'!I14 -> 13
... A101: ISCO | B101: SSEMG_STA_IS_20260304_0600 | C101: ='Label IDs'!I101 -> 4
C102: ='Label IDs'!I102 -> 0
C103: ='Label IDs'!I103 -> 0

Sheet Labels-Lab
A1: Analysis | B1: Bottle Sample ID | C1: Analysis code
A2: {=_xlfn._xlws.SORT( _xlfn.LET( _xlpm.data, 'Label IDs'!Q2:U321, _xlpm.headers, 'Label IDs'!Q1:U1, _xlpm.values, IF(FILLME!B9 = "Bottle Number", 'Label IDs'!L2:L321, 'Label IDs'!M2:M321), _xlpm.nrows, ROWS(_xlpm.data), _xlpm.ncols, COLUMNS(_xlpm.data), _xlpm.rowidx, INT((_xlfn.SEQUENCE(_xlpm.nrows*_xlpm.ncols)-1)/_xlpm.ncols)+1, _xlpm.colidx, MOD(_xlfn.SEQUENCE(_xlpm.nrows*_xlpm.ncols)-1, _xlpm.ncols)+1, _xlpm.flag, INDEX(_xlpm.data, _xlpm.rowidx, _xlpm.colidx), _xlpm.val, INDEX(_xlpm.values, _xlpm.rowidx), _xlpm.hdr, INDEX(_xlpm.headers, _xlpm.colidx), _xlfn._xlws.FILTER(CHOOSE({1,2}, _xlpm.hdr, _xlpm.val), _xlpm.flag) ), 1, 1 )} -> Aqualog | B2: SSEMG_STA_IS_20260224_0000 | C2: =IF(A2='Label IDs'!$Q$1,FILLME!$E$6,IF(A2='Label IDs'!$R$1,FILLME!$E$8,IF(A2='Label IDs'!$S$1,FILLME!$E$9,IF(A2='Label IDs'!$T$1,FILLME!$E$10,IF(A2='Label IDs'!$U$1,FILLME!$E$11))))) -> AQ
A3: Aqualog | B3: SSEMG_STA_IS_20260224_0200 | C3: =IF(A3='Label IDs'!$Q$1,FILLME!$E$6,IF(A3='Label IDs'!$R$1,FILLME!$E$8,IF(A3='Label IDs'!$S$1,FILLME!$E$9,IF(A3='Label IDs'!$T$1,FILLME!$E$10,IF(A3='Label IDs'!$U$1,FILLME!$E$11))))) -> AQ
A4: Aqualog | B4: SSEMG_STA_IS_20260224_0400 | C4: =IF(A4='Label IDs'!$Q$1,FILLME!$E$6,IF(A4='Label IDs'!$R$1,FILLME!$E$8,IF(A4='Label IDs'!$S$1,FILLME!$E$9,IF(A4='Label IDs'!$T$1,FILLME!$E$10,IF(A4='Label IDs'!$U$1,FILLME!$E$11))))) -> AQ
A5: Aqualog | B5: SSEMG_STA_IS_20260224_0600 | C5: =IF(A5='Label IDs'!$Q$1,FILLME!$E$6,IF(A5='Label IDs'!$R$1,FILLME!$E$8,IF(A5='Label IDs'!$S$1,FILLME!$E$9,IF(A5='Label IDs'!$T$1,FILLME!$E$10,IF(A5='Label IDs'!$U$1,FILLME!$E$11))))) -> AQ
A6: Aqualog | B6: SSEMG_STA_IS_20260224_0800 | C6: =IF(A6='Label IDs'!$Q$1,FILLME!$E$6,IF(A6='Label IDs'!$R$1,FILLME!$E$8,IF(A6='Label IDs'!$S$1,FILLME!$E$9,IF(A6='Label IDs'!$T$1,FILLME!$E$10,IF(A6='Label IDs'!$U$1,FILLME!$E$11))))) -> AQ
A7: Aqualog | B7: SSEMG_STA_IS_20260224_1000 | C7: =IF(A7='Label IDs'!$Q$1,FILLME!$E$6,IF(A7='Label IDs'!$R$1,FILLME!$E$8,IF(A7='Label IDs'!$S$1,FILLME!$E$9,IF(A7='Label IDs'!$T$1,FILLME!$E$10,IF(A7='Label IDs'!$U$1,FILLME!$E$11))))) -> AQ
A8: Aqualog | B8: SSEMG_STA_IS_20260224_1200 | C8: =IF(A8='Label IDs'!$Q$1,FILLME!$E$6,IF(A8='Label IDs'!$R$1,FILLME!$E$8,IF(A8='Label IDs'!$S$1,FILLME!$E$9,IF(A8='Label IDs'!$T$1,FILLME!$E$10,IF(A8='Label IDs'!$U$1,FILLME!$E$11))))) -> AQ
A9: Aqualog | B9: SSEMG_STA_IS_20260224_1400 | C9: =IF(A9='Label IDs'!$Q$1,FILLME!$E$6,IF(A9='Label IDs'!$R$1,FILLME!$E$8,IF(A9='Label IDs'!$S$1,FILLME!$E$9,IF(A9='Label IDs'!$T$1,FILLME!$E$10,IF(A9='Label IDs'!$U$1,FILLME!$E$11))))) -> AQ
A10: Aqualog | B10: SSEMG_STA_IS_20260224_1600 | C10: =IF(A10='Label IDs'!$Q$1,FILLME!$E$6,IF(A10='Label IDs'!$R$1,FILLME!$E$8,IF(A10='Label IDs'!$S$1,FILLME!$E$9,IF(A10='Label IDs'!$T$1,FILLME!$E$10,IF(A10='Label IDs'!$U$1,FILLME!$E$11))))) -> AQ
A11: Aqualog | B11: SSEMG_STA_IS_20260224_1800 | C11: =IF(A11='Label IDs'!$Q$1,FILLME!$E$6,IF(A11='Label IDs'!$R$1,FILLME!$E$8,IF(A11='Label IDs'!$S$1,FILLME!$E$9,IF(A11='Label IDs'!$T$1,FILLME!$E$10,IF(A11='Label IDs'!$U$1,FILLME!$E$11))))) -> AQ
A12: Aqualog | B12: SSEMG_STA_IS_20260224_2000 | C12: =IF(A12='Label IDs'!$Q$1,FILLME!$E$6,IF(A12='Label IDs'!$R$1,FILLME!$E$8,IF(A12='Label IDs'!$S$1,FILLME!$E$9,IF(A12='Label IDs'!$T$1,FILLME!$E$10,IF(A12='Label IDs'!$U$1,FILLME!$E$11))))) -> AQ
A13: Aqualog | B13: SSEMG_STA_IS_20260224_2200 | C13: =IF(A13='Label IDs'!$Q$1,FILLME!$E$6,IF(A13='Label IDs'!$R$1,FILLME!$E$8,IF(A13='Label IDs'!$S$1,FILLME!$E$9,IF(A13='Label IDs'!$T$1,FILLME!$E$10,IF(A13='Label IDs'!$U$1,FILLME!$E$11))))) -> AQ
A14: Aqualog | B14: SSEMG_STA_IS_20260225_0000 | C14: =IF(A14='Label IDs'!$Q$1,FILLME!$E$6,IF(A14='Label IDs'!$R$1,FILLME!$E$8,IF(A14='Label IDs'!$S$1,FILLME!$E$9,IF(A14='Label IDs'!$T$1,FILLME!$E$10,IF(A14='Label IDs'!$U$1,FILLME!$E$11))))) -> AQ
... A501: Shimadzu | B501: SSEMG_STA_IS_20260304_0600 | C501: =IF(A501='Label IDs'!$Q$1,FILLME!$E$6,IF(A501='Label IDs'!$R$1,FILLME!$E$8,IF(A501='Label IDs'!$S$1,FILLME!$E$9,IF(A501='Label IDs'!$T$1,FILLME!$E$10,IF(A501='Label IDs'!$U$1,FILLME!$E$11))))) -> CN

Sheet DS-Bottle Numbers
A1: Separated Bottle Numbers | B1: Aqualog Bottle # | C1: Shimadzu Bottle # | D1: CCAL Bottle # | E1: Excess Bottle # | F1: Notes
A2: Sample ID | B2: (30mL/125mL Bottles) | C2: (125 mL Bottles) | D2: (125 mL Bottles) | E2: (500 mL Bottles) | F2: (any method deviations that could affect the data)
A3: {=_xlfn.CHOOSEROWS( IF(FILLME!B9="Bottle Number", 'Label IDs'!L:L, 'Label IDs'!M:M), _xlfn.SEQUENCE(FILLME!B16*FILLME!B5) + 1 )} -> SSEMG_STA_IS_20260224_0000
A4: SSEMG_STA_IS_20260224_0200
A5: SSEMG_STA_IS_20260224_0400
A6: SSEMG_STA_IS_20260224_0600
A7: SSEMG_STA_IS_20260224_0800
A8: SSEMG_STA_IS_20260224_1000
A9: SSEMG_STA_IS_20260224_1200
A10: SSEMG_STA_IS_20260224_1400
A11: SSEMG_STA_IS_20260224_1600
A12: SSEMG_STA_IS_20260224_1800
A13: SSEMG_STA_IS_20260224_2000
A14: SSEMG_STA_IS_20260224_2200
A15: SSEMG_STA_IS_20260225_0000
... A102: SSEMG_STA_IS_20260304_0600

Sheet DS-ISCO Bottle Weight
A1: ISCO Bottle Weights | B1: ISCO Bottle (g) | D1: Notes
A2: Sample ID | B2: Pre-Weight | C2: Post-Weight | D2: (any method deviations that could affect the data)
A3: {=_xlfn.CHOOSEROWS( IF(FILLME!B9="Bottle Number", 'Label IDs'!L:L, 'Label IDs'!M:M), _xlfn.SEQUENCE(FILLME!B16*FILLME!B5) + 1 )} -> SSEMG_STA_IS_20260224_0000
A4: SSEMG_STA_IS_20260224_0200
A5: SSEMG_STA_IS_20260224_0400
A6: SSEMG_STA_IS_20260224_0600
A7: SSEMG_STA_IS_20260224_0800
A8: SSEMG_STA_IS_20260224_1000
A9: SSEMG_STA_IS_20260224_1200
A10: SSEMG_STA_IS_20260224_1400
A11: SSEMG_STA_IS_20260224_1600
A12: SSEMG_STA_IS_20260224_1800
A13: SSEMG_STA_IS_20260224_2000
A14: SSEMG_STA_IS_20260224_2200
A15: SSEMG_STA_IS_20260225_0000
... A102: SSEMG_STA_IS_20260304_0600

Sheet DS-Filter Weight
A1: Filter Weights | B1: Filter Weight (g) | D1: Notes
A2: Sample ID | B2: Pre-Weight | C2: Post-Weight | D2: (any method deviations that could affect the data)
A3: {=_xlfn.CHOOSEROWS( IF(FILLME!B9="Bottle Number", 'Label IDs'!L:L, 'Label IDs'!M:M), _xlfn.SEQUENCE(FILLME!B16*FILLME!B5) + 1 )} -> SSEMG_STA_IS_20260224_0000
A4: SSEMG_STA_IS_20260224_0200
A5: SSEMG_STA_IS_20260224_0400
A6: SSEMG_STA_IS_20260224_0600
A7: SSEMG_STA_IS_20260224_0800
A8: SSEMG_STA_IS_20260224_1000
A9: SSEMG_STA_IS_20260224_1200
A10: SSEMG_STA_IS_20260224_1400
A11: SSEMG_STA_IS_20260224_1600
A12: SSEMG_STA_IS_20260224_1800
A13: SSEMG_STA_IS_20260224_2000
A14: SSEMG_STA_IS_20260224_2200
A15: SSEMG_STA_IS_20260225_0000
... A102: SSEMG_STA_IS_20260304_0600
