Workbook

Sheet README
A1: DIRECTIONS
A2: 1. Fill out the information above to auto populate the sample IDs and specify how many samples are being collected for each analysis.
A3: 2. Make sure B7, "Sample Type" is correctly specified. It determines which labels are printed.
A4: 3. If collecting grab samples, print lables with blank times. File in times manually after the field to fully populate datasheets after collection.
A5: 4. Indicate which samples (if a subset) are being analyzed for what by setting columns L-R to T/F.
A6: 5. **Directions on label creator in word from Emily**
A7: 3. Print out the Bottle Number data sheet in landscape using "fit all columns on one page".
A8: 3. Print out the ISCO Bottle Weight data sheet in portrait (if applicable) using "fit all columns on one page".
A9: 4. Print out the Filter Weight data sheet in portrait (if applicable) using "fit all columns on one page".

Sheet FILLME
A1: Fill out the highlighted info to autofill labels and datasheets
A3: Project (e.g., WWS, NIFA) | B3: WWS | D3: Site Names | F3: Bottle Calculator | G3: # Samples | I3: Bottles Needed
A4: Study Code (e.g., SONDE, BDRK, SSFLAT) | B4: SSFLAT | D4: (1 per row) | F4: ISCO | G4: =IF($B$7 = "ISCO", $B$5*$B$16, 0) -> 48 | I4: ISCO | J4: =G4 -> 48
A5: Samples per Site | B5: 24 | D5: ALD | F5: Grab | G5: =IF($B$7 = "Grab", $B$5*$B$16, 0) -> 0 | I5: 250 mL | J5: =G5 -> 0
A6: Sample Start Date | B6: =TODAY() -> 46104 | D6: CMP | F6: Levoglucosan | G6: 0 | I6: 20 mL Glass | J6: =G6 -> 0
A7: Sample Type (choose one) | B7: ISCO | F7: BPCA | G7: 0 | I7: Two 1L | J7: =G7*2 -> 0
A8: Field Sample ID Type (choose one) | B8: Short Bottle Number | F8: Aqualog (DOM) | G8: =$B$5*$B$16 -> 48 | I8: 30 mL | J8: =G8 -> 48
A9: Lab Sample ID Type (choose one) | B9: Bottle Number | F9: Shimadzu (DOC/TN) | G9: =$B$5*$B$16 -> 48 | I9: 125 mL | J9: =G9+G10 -> 96
A10: For ISCO Samples only | F10: CCAL (Nutrients) | G10: =$B$5*$B$16 -> 48 | I10: 125 mL (no 30 mL) | J10: =SUM(G8:G10) -> 144
A11: Site 1 Sample Start Time | B11: 0.33333333 | F11: Excess (Node 3) | G11: =$B$5*$B$16 -> 48 | I11: 500 mL | J11: =G11 -> 48
A12: Site 2 Sample Start Time | B12: 0.41666667 | G12: *edit if needed
A13: Time Interval (Hours) | B13: 0.083333333
A14: Start Bottle Number | B14: 1
A16: Number of Sites (autofilled) | B16: =COUNTA(D5:D297) -> 2

Sheet Label IDs
A1: Sample Type | B1: Project | C1: Study | D1: Start Date | E1: Collect Time | F1: Collect Date | G1: ISCO Bottle # | H1: ISCO Bottle Order | I1: Site | J1: ISCO Bottle ID | K1: Sample ID (with Bottle #) | L1: Sample ID (with Time) | M1: ISCO | N1: Grab | O1: BPCA | P1: Levoglucosan | Q1: Aqualog | R1: Shimadzu | S1: CCAL | T1: Excess
A2: =FILLME!$B$7 -> ISCO | B2: =IF(FILLME!$B$3 = "", "", FILLME!$B$3) -> WWS | C2: =IF(FILLME!$B$4 = "", "", FILLME!$B$4) -> SSFLAT | D2: =TEXT(FILLME!$B$6,"yyyymmdd") -> 20260323 | E2: {=IF(FILLME!B7 = "Grab", _xlfn.MAKEARRAY(FILLME!B5*FILLME!B16,1,_xlfn.LAMBDA(_xlpm.r,_xlpm.c,"")), _xlfn.LET( _xlpm.n, FILLME!B5*FILLME!B16, _xlpm.cut, FILLME!B5, _xlpm.step, HOUR(FILLME!B13), _xlpm.k, _xlfn.SEQUENCE(_xlpm.n), TIME( IF(_xlpm.k<=_xlpm.cut, HOUR(FILLME!B11)+(_xlpm.k-1)*_xlpm.step, HOUR(FILLME!B12)+(_xlpm.k-_xlpm.cut-1)*_xlpm.step ), 0,0) ))} -> 0.33333333 | F2: =IF(FILLME!$B$7="ISCO",FILLME!$B$6+FILLME!$B$11+(FILLME!$B$13*(G2-FILLME!$B$14)),FILLME!$B$6) -> 46104.333 | G2: {=MOD(_xlfn.SEQUENCE(FILLME!B5*FILLME!B16,,0),FILLME!B5) + FILLME!B14} -> 1 | H2: {=MOD(_xlfn.SEQUENCE(FILLME!B5*FILLME!B16,,0),FILLME!B5) + 1} -> 1 | I2: {=_xlfn.LET( _xlpm.items, FILLME!D5:D297, _xlpm.x, FILLME!$B$5, INDEX(_xlpm.items, ROUNDUP(_xlfn.SEQUENCE(COUNTA(_xlpm.items)*_xlpm.x)/_xlpm.x, 0)) )} -> ALD | J2: =CONCATENATE(I2,"_",TEXT(G2,"00")) -> ALD_01 | K2: =CONCATENATE(C2,"_", I2,"_",D2,"_",TEXT(G2,"00")) -> SSFLAT_ALD_20260323_01 | L2: =CONCATENATE(C2,"_", I2,"_",TEXT(F2, "yyyymmdd"),"_",TEXT(E2, "hhmm")) -> SSFLAT_ALD_20260323_0800 | M2: =IF(ROW()-ROW($M$1) <= FILLME!$G$4, TRUE, FALSE) -> TRUE | N2: =IF(ROW()-ROW($N$1) <= FILLME!$G$5, TRUE, FALSE) -> FALSE | O2: =IF(ROW()-ROW($O$1) <= FILLME!$G$7, TRUE, FALSE) -> FALSE | P2: =IF(ROW()-ROW($P$1) <= FILLME!$G$6, TRUE, FALSE) -> FALSE | Q2: =IF(ROW()-ROW($Q$1) <= FILLME!$G$8, TRUE, FALSE) -> TRUE | R2: =IF(ROW()-ROW($R$1) <= FILLME!$G$9, TRUE, FALSE) -> TRUE | S2: =IF(ROW()-ROW($S$1) <= FILLME!$G$10, TRUE, FALSE) -> TRUE | T2: =IF(ROW()-ROW($T$1) <= FILLME!$G$11, TRUE, FALSE) -> TRUE
A3: =FILLME!$B$7 -> ISCO | B3: =IF(FILLME!$B$3 = "", "", FILLME!$B$3) -> WWS | C3: =IF(FILLME!$B$4 = "", "", FILLME!$B$4) -> SSFLAT | D3: =TEXT(FILLME!$B$6,"yyyymmdd") -> 20260323 | E3: 0.41666667 | F3: =IF(FILLME!$B$7="ISCO",FILLME!$B$6+FILLME!$B$11+(FILLME!$B$13*(G3-FILLME!$B$14)),FILLME!$B$6) -> 46104.417 | G3: 2 | H3: 2 | I3: ALD | J3: =CONCATENATE(I3,"_",TEXT(G3,"00")) -> ALD_02 | K3: =CONCATENATE(C3,"_", I3,"_",D3,"_",TEXT(G3,"00")) -> SSFLAT_ALD_20260323_02 | L3: =CONCATENATE(C3,"_", I3,"_",TEXT(F3, "yyyymmdd"),"_",TEXT(E3, "hhmm")) -> SSFLAT_ALD_20260323_1000 | M3: =IF(ROW()-ROW($M$1) <= FILLME!$G$4, TRUE, FALSE) -> TRUE | N3: =IF(ROW()-ROW($N$1) <= FILLME!$G$5, TRUE, FALSE) -> FALSE | O3: =IF(ROW()-ROW($O$1) <= FILLME!$G$7, TRUE, FALSE) -> FALSE | P3: =IF(ROW()-ROW($P$1) <= FILLME!$G$6, TRUE, FALSE) -> FALSE | Q3: =IF(ROW()-ROW($Q$1) <= FILLME!$G$8, TRUE, FALSE) -> TRUE | R3: =IF(ROW()-ROW($R$1) <= FILLME!$G$9, TRUE, FALSE) -> TRUE | S3: =IF(ROW()-ROW($S$1) <= FILLME!$G$10, TRUE, FALSE) -> TRUE | T3: =IF(ROW()-ROW($T$1) <= FILLME!$G$11, TRUE, FALSE) -> TRUE
A4: =FILLME!$B$7 -> ISCO | B4: =IF(FILLME!$B$3 = "", "", FILLME!$B$3) -> WWS | C4: =IF(FILLME!$B$4 = "", "", FILLME!$B$4) -> SSFLAT | D4: =TEXT(FILLME!$B$6,"yyyymmdd") -> 20260323 | E4: 0.5 | F4: =IF(FILLME!$B$7="ISCO",FILLME!$B$6+FILLME!$B$11+(FILLME!$B$13*(G4-FILLME!$B$14)),FILLME!$B$6) -> 46104.5 | G4: 3 | H4: 3 | I4: ALD | J4: =CONCATENATE(I4,"_",TEXT(G4,"00")) -> ALD_03 | K4: =CONCATENATE(C4,"_", I4,"_",D4,"_",TEXT(G4,"00")) -> SSFLAT_ALD_20260323_03 | L4: =CONCATENATE(C4,"_", I4,"_",TEXT(F4, "yyyymmdd"),"_",TEXT(E4, "hhmm")) -> SSFLAT_ALD_20260323_1200 | M4: =IF(ROW()-ROW($M$1) <= FILLME!$G$4, TRUE, FALSE) -> TRUE | N4: =IF(ROW()-ROW($N$1) <= FILLME!$G$5, TRUE, FALSE) -> FALSE | O4: =IF(ROW()-ROW($O$1) <= FILLME!$G$7, TRUE, FALSE) -> FALSE | P4: =IF(ROW()-ROW($P$1) <= FILLME!$G$6, TRUE, FALSE) -> FALSE | Q4: =IF(ROW()-ROW($Q$1) <= FILLME!$G$8, TRUE, FALSE) -> TRUE | R4: =IF(ROW()-ROW($R$1) <= FILLME!$G$9, TRUE, FALSE) -> TRUE | S4: =IF(ROW()-ROW($S$1) <= FILLME!$G$10, TRUE, FALSE) -> TRUE | T4: =IF(ROW()-ROW($T$1) <= FILLME!$G$11, TRUE, FALSE) -> TRUE
A5: =FILLME!$B$7 -> ISCO | B5: =IF(FILLME!$B$3 = "", "", FILLME!$B$3) -> WWS | C5: =IF(FILLME!$B$4 = "", "", FILLME!$B$4) -> SSFLAT | D5: =TEXT(FILLME!$B$6,"yyyymmdd") -> 20260323 | E5: 0.58333333 | F5: =IF(FILLME!$B$7="ISCO",FILLME!$B$6+FILLME!$B$11+(FILLME!$B$13*(G5-FILLME!$B$14)),FILLME!$B$6) -> 46104.583 | G5: 4 | H5: 4 | I5: ALD | J5: =CONCATENATE(I5,"_",TEXT(G5,"00")) -> ALD_04 | K5: =CONCATENATE(C5,"_", I5,"_",D5,"_",TEXT(G5,"00")) -> SSFLAT_ALD_20260323_04 | L5: =CONCATENATE(C5,"_", I5,"_",TEXT(F5, "yyyymmdd"),"_",TEXT(E5, "hhmm")) -> SSFLAT_ALD_20260323_1400 | M5: =IF(ROW()-ROW($M$1) <= FILLME!$G$4, TRUE, FALSE) -> TRUE | N5: =IF(ROW()-ROW($N$1) <= FILLME!$G$5, TRUE, FALSE) -> FALSE | O5: =IF(ROW()-ROW($O$1) <= FILLME!$G$7, TRUE, FALSE) -> FALSE | P5: =IF(ROW()-ROW($P$1) <= FILLME!$G$6, TRUE, FALSE) -> FALSE | Q5: =IF(ROW()-ROW($Q$1) <= FILLME!$G$8, TRUE, FALSE) -> TRUE | R5: =IF(ROW()-ROW($R$1) <= FILLME!$G$9, TRUE, FALSE) -> TRUE | S5: =IF(ROW()-ROW($S$1) <= FILLME!$G$10, TRUE, FALSE) -> TRUE | T5: =IF(ROW()-ROW($T$1) <= FILLME!$G$11, TRUE, FALSE) -> TRUE
A6: =FILLME!$B$7 -> ISCO | B6: =IF(FILLME!$B$3 = "", "", FILLME!$B$3) -> WWS | C6: =IF(FILLME!$B$4 = "", "", FILLME!$B$4) -> SSFLAT | D6: =TEXT(FILLME!$B$6,"yyyymmdd") -> 20260323 | E6: 0.66666667 | F6: =IF(FILLME!$B$7="ISCO",FILLME!$B$6+FILLME!$B$11+(FILLME!$B$13*(G6-FILLME!$B$14)),FILLME!$B$6) -> 46104.667 | G6: 5 | H6: 5 | I6: ALD | J6: =CONCATENATE(I6,"_",TEXT(G6,"00")) -> ALD_05 | K6: =CONCATENATE(C6,"_", I6,"_",D6,"_",TEXT(G6,"00")) -> SSFLAT_ALD_20260323_05 | L6: =CONCATENATE(C6,"_", I6,"_",TEXT(F6, "yyyymmdd"),"_",TEXT(E6, "hhmm")) -> SSFLAT_ALD_20260323_1600 | M6: =IF(ROW()-ROW($M$1) <= FILLME!$G$4, TRUE, FALSE) -> TRUE | N6: =IF(ROW()-ROW($N$1) <= FILLME!$G$5, TRUE, FALSE) -> FALSE | O6: =IF(ROW()-ROW($O$1) <= FILLME!$G$7, TRUE, FALSE) -> FALSE | P6: =IF(ROW()-ROW($P$1) <= FILLME!$G$6, TRUE, FALSE) -> FALSE | Q6: =IF(ROW()-ROW($Q$1) <= FILLME!$G$8, TRUE, FALSE) -> TRUE | R6: =IF(ROW()-ROW($R$1) <= FILLME!$G$9, TRUE, FALSE) -> TRUE | S6: =IF(ROW()-ROW($S$1) <= FILLME!$G$10, TRUE, FALSE) -> TRUE | T6: =IF(ROW()-ROW($T$1) <= FILLME!$G$11, TRUE, FALSE) -> TRUE
A7: =FILLME!$B$7 -> ISCO | B7: =IF(FILLME!$B$3 = "", "", FILLME!$B$3) -> WWS | C7: =IF(FILLME!$B$4 = "", "", FILLME!$B$4) -> SSFLAT | D7: =TEXT(FILLME!$B$6,"yyyymmdd") -> 20260323 | E7: 0.75 | F7: =IF(FILLME!$B$7="ISCO",FILLME!$B$6+FILLME!$B$11+(FILLME!$B$13*(G7-FILLME!$B$14)),FILLME!$B$6) -> 46104.75 | G7: 6 | H7: 6 | I7: ALD | J7: =CONCATENATE(I7,"_",TEXT(G7,"00")) -> ALD_06 | K7: =CONCATENATE(C7,"_", I7,"_",D7,"_",TEXT(G7,"00")) -> SSFLAT_ALD_20260323_06 | L7: =CONCATENATE(C7,"_", I7,"_",TEXT(F7, "yyyymmdd"),"_",TEXT(E7, "hhmm")) -> SSFLAT_ALD_20260323_1800 | M7: =IF(ROW()-ROW($M$1) <= FILLME!$G$4, TRUE, FALSE) -> TRUE | N7: =IF(ROW()-ROW($N$1) <= FILLME!$G$5, TRUE, FALSE) -> FALSE | O7: =IF(ROW()-ROW($O$1) <= FILLME!$G$7, TRUE, FALSE) -> FALSE | P7: =IF(ROW()-ROW($P$1) <= FILLME!$G$6, TRUE, FALSE) -> FALSE | Q7: =IF(ROW()-ROW($Q$1) <= FILLME!$G$8, TRUE, FALSE) -> TRUE | R7: =IF(ROW()-ROW($R$1) <= FILLME!$G$9, TRUE, FALSE) -> TRUE | S7: =IF(ROW()-ROW($S$1) <= FILLME!$G$10, TRUE, FALSE) -> TRUE | T7: =IF(ROW()-ROW($T$1) <= FILLME!$G$11, TRUE, FALSE) -> TRUE
A8: =FILLME!$B$7 -> ISCO | B8: =IF(FILLME!$B$3 = "", "", FILLME!$B$3) -> WWS | C8: =IF(FILLME!$B$4 = "", "", FILLME!$B$4) -> SSFLAT | D8: =TEXT(FILLME!$B$6,"yyyymmdd") -> 20260323 | E8: 0.83333333 | F8: =IF(FILLME!$B$7="ISCO",FILLME!$B$6+FILLME!$B$11+(FILLME!$B$13*(G8-FILLME!$B$14)),FILLME!$B$6) -> 46104.833 | G8: 7 | H8: 7 | I8: ALD | J8: =CONCATENATE(I8,"_",TEXT(G8,"00")) -> ALD_07 | K8: =CONCATENATE(C8,"_", I8,"_",D8,"_",TEXT(G8,"00")) -> SSFLAT_ALD_20260323_07 | L8: =CONCATENATE(C8,"_", I8,"_",TEXT(F8, "yyyymmdd"),"_",TEXT(E8, "hhmm")) -> SSFLAT_ALD_20260323_2000 | M8: =IF(ROW()-ROW($M$1) <= FILLME!$G$4, TRUE, FALSE) -> TRUE | N8: =IF(ROW()-ROW($N$1) <= FILLME!$G$5, TRUE, FALSE) -> FALSE | O8: =IF(ROW()-ROW($O$1) <= FILLME!$G$7, TRUE, FALSE) -> FALSE | P8: =IF(ROW()-ROW($P$1) <= FILLME!$G$6, TRUE, FALSE) -> FALSE | Q8: =IF(ROW()-ROW($Q$1) <= FILLME!$G$8, TRUE, FALSE) -> TRUE | R8: =IF(ROW()-ROW($R$1) <= FILLME!$G$9, TRUE, FALSE) -> TRUE | S8: =IF(ROW()-ROW($S$1) <= FILLME!$G$10, TRUE, FALSE) -> TRUE | T8: =IF(ROW()-ROW($T$1) <= FILLME!$G$11, TRUE, FALSE) -> TRUE
A9: =FILLME!$B$7 -> ISCO | B9: =IF(FILLME!$B$3 = "", "", FILLME!$B$3) -> WWS | C9: =IF(FILLME!$B$4 = "", "", FILLME!$B$4) -> SSFLAT | D9: =TEXT(FILLME!$B$6,"yyyymmdd") -> 20260323 | E9: 0.91666667 | F9: =IF(FILLME!$B$7="ISCO",FILLME!$B$6+FILLME!$B$11+(FILLME!$B$13*(G9-FILLME!$B$14)),FILLME!$B$6) -> 46104.917 | G9: 8 | H9: 8 | I9: ALD | J9: =CONCATENATE(I9,"_",TEXT(G9,"00")) -> ALD_08 | K9: =CONCATENATE(C9,"_", I9,"_",D9,"_",TEXT(G9,"00")) -> SSFLAT_ALD_20260323_08 | L9: =CONCATENATE(C9,"_", I9,"_",TEXT(F9, "yyyymmdd"),"_",TEXT(E9, "hhmm")) -> SSFLAT_ALD_20260323_2200 | M9: =IF(ROW()-ROW($M$1) <= FILLME!$G$4, TRUE, FALSE) -> TRUE | N9: =IF(ROW()-ROW($N$1) <= FILLME!$G$5, TRUE, FALSE) -> FALSE | O9: =IF(ROW()-ROW($O$1) <= FILLME!$G$7, TRUE, FALSE) -> FALSE | P9: =IF(ROW()-ROW($P$1) <= FILLME!$G$6, TRUE, FALSE) -> FALSE | Q9: =IF(ROW()-ROW($Q$1) <= FILLME!$G$8, TRUE, FALSE) -> TRUE | R9: =IF(ROW()-ROW($R$1) <= FILLME!$G$9, TRUE, FALSE) -> TRUE | S9: =IF(ROW()-ROW($S$1) <= FILLME!$G$10, TRUE, FALSE) -> TRUE | T9: =IF(ROW()-ROW($T$1) <= FILLME!$G$11, TRUE, FALSE) -> TRUE
A10: =FILLME!$B$7 -> ISCO | B10: =IF(FILLME!$B$3 = "", "", FILLME!$B$3) -> WWS | C10: =IF(FILLME!$B$4 = "", "", FILLME!$B$4) -> SSFLAT | D10: =TEXT(FILLME!$B$6,"yyyymmdd") -> 20260323 | E10: 0 | F10: =IF(FILLME!$B$7="ISCO",FILLME!$B$6+FILLME!$B$11+(FILLME!$B$13*(G10-FILLME!$B$14)),FILLME!$B$6) -> 46105 | G10: 9 | H10: 9 | I10: ALD | J10: =CONCATENATE(I10,"_",TEXT(G10,"00")) -> ALD_09 | K10: =CONCATENATE(C10,"_", I10,"_",D10,"_",TEXT(G10,"00")) -> SSFLAT_ALD_20260323_09 | L10: =CONCATENATE(C10,"_", I10,"_",TEXT(F10, "yyyymmdd"),"_",TEXT(E10, "hhmm")) -> SSFLAT_ALD_20260324_0000 | M10: =IF(ROW()-ROW($M$1) <= FILLME!$G$4, TRUE, FALSE) -> TRUE | N10: =IF(ROW()-ROW($N$1) <= FILLME!$G$5, TRUE, FALSE) -> FALSE | O10: =IF(ROW()-ROW($O$1) <= FILLME!$G$7, TRUE, FALSE) -> FALSE | P10: =IF(ROW()-ROW($P$1) <= FILLME!$G$6, TRUE, FALSE) -> FALSE | Q10: =IF(ROW()-ROW($Q$1) <= FILLME!$G$8, TRUE, FALSE) -> TRUE | R10: =IF(ROW()-ROW($R$1) <= FILLME!$G$9, TRUE, FALSE) -> TRUE | S10: =IF(ROW()-ROW($S$1) <= FILLME!$G$10, TRUE, FALSE) -> TRUE | T10: =IF(ROW()-ROW($T$1) <= FILLME!$G$11, TRUE, FALSE) -> TRUE
A11: =FILLME!$B$7 -> ISCO | B11: =IF(FILLME!$B$3 = "", "", FILLME!$B$3) -> WWS | C11: =IF(FILLME!$B$4 = "", "", FILLME!$B$4) -> SSFLAT | D11: =TEXT(FILLME!$B$6,"yyyymmdd") -> 20260323 | E11: 0.083333333 | F11: =IF(FILLME!$B$7="ISCO",FILLME!$B$6+FILLME!$B$11+(FILLME!$B$13*(G11-FILLME!$B$14)),FILLME!$B$6) -> 46105.083 | G11: 10 | H11: 10 | I11: ALD | J11: =CONCATENATE(I11,"_",TEXT(G11,"00")) -> ALD_10 | K11: =CONCATENATE(C11,"_", I11,"_",D11,"_",TEXT(G11,"00")) -> SSFLAT_ALD_20260323_10 | L11: =CONCATENATE(C11,"_", I11,"_",TEXT(F11, "yyyymmdd"),"_",TEXT(E11, "hhmm")) -> SSFLAT_ALD_20260324_0200 | M11: =IF(ROW()-ROW($M$1) <= FILLME!$G$4, TRUE, FALSE) -> TRUE | N11: =IF(ROW()-ROW($N$1) <= FILLME!$G$5, TRUE, FALSE) -> FALSE | O11: =IF(ROW()-ROW($O$1) <= FILLME!$G$7, TRUE, FALSE) -> FALSE | P11: =IF(ROW()-ROW($P$1) <= FILLME!$G$6, TRUE, FALSE) -> FALSE | Q11: =IF(ROW()-ROW($Q$1) <= FILLME!$G$8, TRUE, FALSE) -> TRUE | R11: =IF(ROW()-ROW($R$1) <= FILLME!$G$9, TRUE, FALSE) -> TRUE | S11: =IF(ROW()-ROW($S$1) <= FILLME!$G$10, TRUE, FALSE) -> TRUE | T11: =IF(ROW()-ROW($T$1) <= FILLME!$G$11, TRUE, FALSE) -> TRUE
A12: =FILLME!$B$7 -> ISCO | B12: =IF(FILLME!$B$3 = "", "", FILLME!$B$3) -> WWS | C12: =IF(FILLME!$B$4 = "", "", FILLME!$B$4) -> SSFLAT | D12: =TEXT(FILLME!$B$6,"yyyymmdd") -> 20260323 | E12: 0.16666667 | F12: =IF(FILLME!$B$7="ISCO",FILLME!$B$6+FILLME!$B$11+(FILLME!$B$13*(G12-FILLME!$B$14)),FILLME!$B$6) -> 46105.167 | G12: 11 | H12: 11 | I12: ALD | J12: =CONCATENATE(I12,"_",TEXT(G12,"00")) -> ALD_11 | K12: =CONCATENATE(C12,"_", I12,"_",D12,"_",TEXT(G12,"00")) -> SSFLAT_ALD_20260323_11 | L12: =CONCATENATE(C12,"_", I12,"_",TEXT(F12, "yyyymmdd"),"_",TEXT(E12, "hhmm")) -> SSFLAT_ALD_20260324_0400 | M12: =IF(ROW()-ROW($M$1) <= FILLME!$G$4, TRUE, FALSE) -> TRUE | N12: =IF(ROW()-ROW($N$1) <= FILLME!$G$5, TRUE, FALSE) -> FALSE | O12: =IF(ROW()-ROW($O$1) <= FILLME!$G$7, TRUE, FALSE) -> FALSE | P12: =IF(ROW()-ROW($P$1) <= FILLME!$G$6, TRUE, FALSE) -> FALSE | Q12: =IF(ROW()-ROW($Q$1) <= FILLME!$G$8, TRUE, FALSE) -> TRUE | R12: =IF(ROW()-ROW($R$1) <= FILLME!$G$9, TRUE, FALSE) -> TRUE | S12: =IF(ROW()-ROW($S$1) <= FILLME!$G$10, TRUE, FALSE) -> TRUE | T12: =IF(ROW()-ROW($T$1) <= FILLME!$G$11, TRUE, FALSE) -> TRUE
A13: =FILLME!$B$7 -> ISCO | B13: =IF(FILLME!$B$3 = "", "", FILLME!$B$3) -> WWS | C13: =IF(FILLME!$B$4 = "", "", FILLME!$B$4) -> SSFLAT | D13: =TEXT(FILLME!$B$6,"yyyymmdd") -> 20260323 | E13: 0.25 | F13: =IF(FILLME!$B$7="ISCO",FILLME!$B$6+FILLME!$B$11+(FILLME!$B$13*(G13-FILLME!$B$14)),FILLME!$B$6) -> 46105.25 | G13: 12 | H13: 12 | I13: ALD | J13: =CONCATENATE(I13,"_",TEXT(G13,"00")) -> ALD_12 | K13: =CONCATENATE(C13,"_", I13,"_",D13,"_",TEXT(G13,"00")) -> SSFLAT_ALD_20260323_12 | L13: =CONCATENATE(C13,"_", I13,"_",TEXT(F13, "yyyymmdd"),"_",TEXT(E13, "hhmm")) -> SSFLAT_ALD_20260324_0600 | M13: =IF(ROW()-ROW($M$1) <= FILLME!$G$4, TRUE, FALSE) -> TRUE | N13: =IF(ROW()-ROW($N$1) <= FILLME!$G$5, TRUE, FALSE) -> FALSE | O13: =IF(ROW()-ROW($O$1) <= FILLME!$G$7, TRUE, FALSE) -> FALSE | P13: =IF(ROW()-ROW($P$1) <= FILLME!$G$6, TRUE, FALSE) -> FALSE | Q13: =IF(ROW()-ROW($Q$1) <= FILLME!$G$8, TRUE, FALSE) -> TRUE | R13: =IF(ROW()-ROW($R$1) <= FILLME!$G$9, TRUE, FALSE) -> TRUE | S13: =IF(ROW()-ROW($S$1) <= FILLME!$G$10, TRUE, FALSE) -> TRUE | T13: =IF(ROW()-ROW($T$1) <= FILLME!$G$11, TRUE, FALSE) -> TRUE
A14: =FILLME!$B$7 -> ISCO | B14: =IF(FILLME!$B$3 = "", "", FILLME!$B$3) -> WWS | C14: =IF(FILLME!$B$4 = "", "", FILLME!$B$4) -> SSFLAT | D14: =TEXT(FILLME!$B$6,"yyyymmdd") -> 20260323 | E14: 0.33333333 | F14: =IF(FILLME!$B$7="ISCO",FILLME!$B$6+FILLME!$B$11+(FILLME!$B$13*(G14-FILLME!$B$14)),FILLME!$B$6) -> 46105.333 | G14: 13 | H14: 13 | I14: ALD | J14: =CONCATENATE(I14,"_",TEXT(G14,"00")) -> ALD_13 | K14: =CONCATENATE(C14,"_", I14,"_",D14,"_",TEXT(G14,"00")) -> SSFLAT_ALD_20260323_13 | L14: =CONCATENATE(C14,"_", I14,"_",TEXT(F14, "yyyymmdd"),"_",TEXT(E14, "hhmm")) -> SSFLAT_ALD_20260324_0800 | M14: =IF(ROW()-ROW($M$1) <= FILLME!$G$4, TRUE, FALSE) -> TRUE | N14: =IF(ROW()-ROW($N$1) <= FILLME!$G$5, TRUE, FALSE) -> FALSE | O14: =IF(ROW()-ROW($O$1) <= FILLME!$G$7, TRUE, FALSE) -> FALSE | P14: =IF(ROW()-ROW($P$1) <= FILLME!$G$6, TRUE, FALSE) -> FALSE | Q14: =IF(ROW()-ROW($Q$1) <= FILLME!$G$8, TRUE, FALSE) -> TRUE | R14: =IF(ROW()-ROW($R$1) <= FILLME!$G$9, TRUE, FALSE) -> TRUE | S14: =IF(ROW()-ROW($S$1) <= FILLME!$G$10, TRUE, FALSE) -> TRUE | T14: =IF(ROW()-ROW($T$1) <= FILLME!$G$11, TRUE, FALSE) -> TRUE
... A49: =FILLME!$B$7 -> ISCO | B49: =IF(FILLME!$B$3 = "", "", FILLME!$B$3) -> WWS | C49: =IF(FILLME!$B$4 = "", "", FILLME!$B$4) -> SSFLAT | D49: =TEXT(FILLME!$B$6,"yyyymmdd") -> 20260323 | E49: 0.33333333 | F49: =IF(FILLME!$B$7="ISCO",FILLME!$B$6+FILLME!$B$11+(FILLME!$B$13*(G49-FILLME!$B$14)),FILLME!$B$6) -> 46106.25 | G49: 24 | H49: 24 | I49: CMP | J49: =CONCATENATE(I49,"_",TEXT(G49,"00")) -> CMP_24 | K49: =CONCATENATE(C49,"_", I49,"_",D49,"_",TEXT(G49,"00")) -> SSFLAT_CMP_20260323_24 | L49: =CONCATENATE(C49,"_", I49,"_",TEXT(F49, "yyyymmdd"),"_",TEXT(E49, "hhmm")) -> SSFLAT_CMP_20260325_0800 | M49: =IF(ROW()-ROW($M$1) <= FILLME!$G$4, TRUE, FALSE) -> TRUE | N49: =IF(ROW()-ROW($N$1) <= FILLME!$G$5, TRUE, FALSE) -> FALSE | O49: =IF(ROW()-ROW($O$1) <= FILLME!$G$7, TRUE, FALSE) -> FALSE | P49: =IF(ROW()-ROW($P$1) <= FILLME!$G$6, TRUE, FALSE) -> FALSE | Q49: =IF(ROW()-ROW($Q$1) <= FILLME!$G$8, TRUE, FALSE) -> TRUE | R49: =IF(ROW()-ROW($R$1) <= FILLME!$G$9, TRUE, FALSE) -> TRUE | S49: =IF(ROW()-ROW($S$1) <= FILLME!$G$10, TRUE, FALSE) -> TRUE | T49: =IF(ROW()-ROW($T$1) <= FILLME!$G$11, TRUE, FALSE) -> TRUE
A50: =FILLME!$B$7 -> ISCO | B50: =IF(FILLME!$B$3 = "", "", FILLME!$B$3) -> WWS | C50: =IF(FILLME!$B$4 = "", "", FILLME!$B$4) -> SSFLAT | D50: =TEXT(FILLME!$B$6,"yyyymmdd") -> 20260323 | F50: =IF(FILLME!$B$7="ISCO",FILLME!$B$6+FILLME!$B$11+(FILLME!$B$13*(G50-FILLME!$B$14)),FILLME!$B$6) -> 46104.25 | J50: =CONCATENATE(I50,"_",TEXT(G50,"00")) -> _00 | K50: =CONCATENATE(C50,"_", I50,"_",D50,"_",TEXT(G50,"00")) -> SSFLAT__20260323_00 | L50: =CONCATENATE(C50,"_", I50,"_",TEXT(F50, "yyyymmdd"),"_",TEXT(E50, "hhmm")) -> SSFLAT__20260323_0000 | M50: =IF(ROW()-ROW($M$1) <= FILLME!$G$4, TRUE, FALSE) -> FALSE | N50: =IF(ROW()-ROW($N$1) <= FILLME!$G$5, TRUE, FALSE) -> FALSE | O50: =IF(ROW()-ROW($O$1) <= FILLME!$G$7, TRUE, FALSE) -> FALSE | P50: =IF(ROW()-ROW($P$1) <= FILLME!$G$6, TRUE, FALSE) -> FALSE | Q50: =IF(ROW()-ROW($Q$1) <= FILLME!$G$8, TRUE, FALSE) -> FALSE | R50: =IF(ROW()-ROW($R$1) <= FILLME!$G$9, TRUE, FALSE) -> FALSE | S50: =IF(ROW()-ROW($S$1) <= FILLME!$G$10, TRUE, FALSE) -> FALSE | T50: =IF(ROW()-ROW($T$1) <= FILLME!$G$11, TRUE, FALSE) -> FALSE
A51: =FILLME!$B$7 -> ISCO | B51: =IF(FILLME!$B$3 = "", "", FILLME!$B$3) -> WWS | C51: =IF(FILLME!$B$4 = "", "", FILLME!$B$4) -> SSFLAT | D51: =TEXT(FILLME!$B$6,"yyyymmdd") -> 20260323 | F51: =IF(FILLME!$B$7="ISCO",FILLME!$B$6+FILLME!$B$11+(FILLME!$B$13*(G51-FILLME!$B$14)),FILLME!$B$6) -> 46104.25 | J51: =CONCATENATE(I51,"_",TEXT(G51,"00")) -> _00 | K51: =CONCATENATE(C51,"_", I51,"_",D51,"_",TEXT(G51,"00")) -> SSFLAT__20260323_00 | L51: =CONCATENATE(C51,"_", I51,"_",TEXT(F51, "yyyymmdd"),"_",TEXT(E51, "hhmm")) -> SSFLAT__20260323_0000 | M51: =IF(ROW()-ROW($M$1) <= FILLME!$G$4, TRUE, FALSE) -> FALSE | N51: =IF(ROW()-ROW($N$1) <= FILLME!$G$5, TRUE, FALSE) -> FALSE | O51: =IF(ROW()-ROW($O$1) <= FILLME!$G$7, TRUE, FALSE) -> FALSE | P51: =IF(ROW()-ROW($P$1) <= FILLME!$G$6, TRUE, FALSE) -> FALSE | Q51: =IF(ROW()-ROW($Q$1) <= FILLME!$G$8, TRUE, FALSE) -> FALSE | R51: =IF(ROW()-ROW($R$1) <= FILLME!$G$9, TRUE, FALSE) -> FALSE | S51: =IF(ROW()-ROW($S$1) <= FILLME!$G$10, TRUE, FALSE) -> FALSE | T51: =IF(ROW()-ROW($T$1) <= FILLME!$G$11, TRUE, FALSE) -> FALSE
A52: =FILLME!$B$7 -> ISCO | B52: =IF(FILLME!$B$3 = "", "", FILLME!$B$3) -> WWS | C52: =IF(FILLME!$B$4 = "", "", FILLME!$B$4) -> SSFLAT | D52: =TEXT(FILLME!$B$6,"yyyymmdd") -> 20260323 | F52: =IF(FILLME!$B$7="ISCO",FILLME!$B$6+FILLME!$B$11+(FILLME!$B$13*(G52-FILLME!$B$14)),FILLME!$B$6) -> 46104.25 | J52: =CONCATENATE(I52,"_",TEXT(G52,"00")) -> _00 | K52: =CONCATENATE(C52,"_", I52,"_",D52,"_",TEXT(G52,"00")) -> SSFLAT__20260323_00 | L52: =CONCATENATE(C52,"_", I52,"_",TEXT(F52, "yyyymmdd"),"_",TEXT(E52, "hhmm")) -> SSFLAT__20260323_0000 | M52: =IF(ROW()-ROW($M$1) <= FILLME!$G$4, TRUE, FALSE) -> FALSE | N52: =IF(ROW()-ROW($N$1) <= FILLME!$G$5, TRUE, FALSE) -> FALSE | O52: =IF(ROW()-ROW($O$1) <= FILLME!$G$7, TRUE, FALSE) -> FALSE | P52: =IF(ROW()-ROW($P$1) <= FILLME!$G$6, TRUE, FALSE) -> FALSE | Q52: =IF(ROW()-ROW($Q$1) <= FILLME!$G$8, TRUE, FALSE) -> FALSE | R52: =IF(ROW()-ROW($R$1) <= FILLME!$G$9, TRUE, FALSE) -> FALSE | S52: =IF(ROW()-ROW($S$1) <= FILLME!$G$10, TRUE, FALSE) -> FALSE | T52: =IF(ROW()-ROW($T$1) <= FILLME!$G$11, TRUE, FALSE) -> FALSE
A53: =FILLME!$B$7 -> ISCO | B53: =IF(FILLME!$B$3 = "", "", FILLME!$B$3) -> WWS | C53: =IF(FILLME!$B$4 = "", "", FILLME!$B$4) -> SSFLAT | D53: =TEXT(FILLME!$B$6,"yyyymmdd") -> 20260323 | F53: =IF(FILLME!$B$7="ISCO",FILLME!$B$6+FILLME!$B$11+(FILLME!$B$13*(G53-FILLME!$B$14)),FILLME!$B$6) -> 46104.25 | J53: =CONCATENATE(I53,"_",TEXT(G53,"00")) -> _00 | K53: =CONCATENATE(C53,"_", I53,"_",D53,"_",TEXT(G53,"00")) -> SSFLAT__20260323_00 | L53: =CONCATENATE(C53,"_", I53,"_",TEXT(F53, "yyyymmdd"),"_",TEXT(E53, "hhmm")) -> SSFLAT__20260323_0000 | M53: =IF(ROW()-ROW($M$1) <= FILLME!$G$4, TRUE, FALSE) -> FALSE | N53: =IF(ROW()-ROW($N$1) <= FILLME!$G$5, TRUE, FALSE) -> FALSE | O53: =IF(ROW()-ROW($O$1) <= FILLME!$G$7, TRUE, FALSE) -> FALSE | P53: =IF(ROW()-ROW($P$1) <= FILLME!$G$6, TRUE, FALSE) -> FALSE | Q53: =IF(ROW()-ROW($Q$1) <= FILLME!$G$8, TRUE, FALSE) -> FALSE | R53: =IF(ROW()-ROW($R$1) <= FILLME!$G$9, TRUE, FALSE) -> FALSE | S53: =IF(ROW()-ROW($S$1) <= FILLME!$G$10, TRUE, FALSE) -> FALSE | T53: =IF(ROW()-ROW($T$1) <= FILLME!$G$11, TRUE, FALSE) -> FALSE
A54: =FILLME!$B$7 -> ISCO | B54: =IF(FILLME!$B$3 = "", "", FILLME!$B$3) -> WWS | C54: =IF(FILLME!$B$4 = "", "", FILLME!$B$4) -> SSFLAT | D54: =TEXT(FILLME!$B$6,"yyyymmdd") -> 20260323 | F54: =IF(FILLME!$B$7="ISCO",FILLME!$B$6+FILLME!$B$11+(FILLME!$B$13*(G54-FILLME!$B$14)),FILLME!$B$6) -> 46104.25 | J54: =CONCATENATE(I54,"_",TEXT(G54,"00")) -> _00 | K54: =CONCATENATE(C54,"_", I54,"_",D54,"_",TEXT(G54,"00")) -> SSFLAT__20260323_00 | L54: =CONCATENATE(C54,"_", I54,"_",TEXT(F54, "yyyymmdd"),"_",TEXT(E54, "hhmm")) -> SSFLAT__20260323_0000 | M54: =IF(ROW()-ROW($M$1) <= FILLME!$G$4, TRUE, FALSE) -> FALSE | N54: =IF(ROW()-ROW($N$1) <= FILLME!$G$5, TRUE, FALSE) -> FALSE | O54: =IF(ROW()-ROW($O$1) <= FILLME!$G$7, TRUE, FALSE) -> FALSE | P54: =IF(ROW()-ROW($P$1) <= FILLME!$G$6, TRUE, FALSE) -> FALSE | Q54: =IF(ROW()-ROW($Q$1) <= FILLME!$G$8, TRUE, FALSE) -> FALSE | R54: =IF(ROW()-ROW($R$1) <= FILLME!$G$9, TRUE, FALSE) -> FALSE | S54: =IF(ROW()-ROW($S$1) <= FILLME!$G$10, TRUE, FALSE) -> FALSE | T54: =IF(ROW()-ROW($T$1) <= FILLME!$G$11, TRUE, FALSE) -> FALSE
A55: =FILLME!$B$7 -> ISCO | B55: =IF(FILLME!$B$3 = "", "", FILLME!$B$3) -> WWS | C55: =IF(FILLME!$B$4 = "", "", FILLME!$B$4) -> SSFLAT | D55: =TEXT(FILLME!$B$6,"yyyymmdd") -> 20260323 | F55: =IF(FILLME!$B$7="ISCO",FILLME!$B$6+FILLME!$B$11+(FILLME!$B$13*(G55-FILLME!$B$14)),FILLME!$B$6) -> 46104.25 | J55: =CONCATENATE(I55,"_",TEXT(G55,"00")) -> _00 | K55: =CONCATENATE(C55,"_", I55,"_",D55,"_",TEXT(G55,"00")) -> SSFLAT__20260323_00 | L55: =CONCATENATE(C55,"_", I55,"_",TEXT(F55, "yyyymmdd"),"_",TEXT(E55, "hhmm")) -> SSFLAT__20260323_0000 | M55: =IF(ROW()-ROW($M$1) <= FILLME!$G$4, TRUE, FALSE) -> FALSE | N55: =IF(ROW()-ROW($N$1) <= FILLME!$G$5, TRUE, FALSE) -> FALSE | O55: =IF(ROW()-ROW($O$1) <= FILLME!$G$7, TRUE, FALSE) -> FALSE | P55: =IF(ROW()-ROW($P$1) <= FILLME!$G$6, TRUE, FALSE) -> FALSE | Q55: =IF(ROW()-ROW($Q$1) <= FILLME!$G$8, TRUE, FALSE) -> FALSE | R55: =IF(ROW()-ROW($R$1) <= FILLME!$G$9, TRUE, FALSE) -> FALSE | S55: =IF(ROW()-ROW($S$1) <= FILLME!$G$10, TRUE, FALSE) -> FALSE | T55: =IF(ROW()-ROW($T$1) <= FILLME!$G$11, TRUE, FALSE) -> FALSE
A56: =FILLME!$B$7 -> ISCO | B56: =IF(FILLME!$B$3 = "", "", FILLME!$B$3) -> WWS | C56: =IF(FILLME!$B$4 = "", "", FILLME!$B$4) -> SSFLAT | D56: =TEXT(FILLME!$B$6,"yyyymmdd") -> 20260323 | F56: =IF(FILLME!$B$7="ISCO",FILLME!$B$6+FILLME!$B$11+(FILLME!$B$13*(G56-FILLME!$B$14)),FILLME!$B$6) -> 46104.25 | J56: =CONCATENATE(I56,"_",TEXT(G56,"00")) -> _00 | K56: =CONCATENATE(C56,"_", I56,"_",D56,"_",TEXT(G56,"00")) -> SSFLAT__20260323_00 | L56: =CONCATENATE(C56,"_", I56,"_",TEXT(F56, "yyyymmdd"),"_",TEXT(E56, "hhmm")) -> SSFLAT__20260323_0000 | M56: =IF(ROW()-ROW($M$1) <= FILLME!$G$4, TRUE, FALSE) -> FALSE | N56: =IF(ROW()-ROW($N$1) <= FILLME!$G$5, TRUE, FALSE) -> FALSE | O56: =IF(ROW()-ROW($O$1) <= FILLME!$G$7, TRUE, FALSE) -> FALSE | P56: =IF(ROW()-ROW($P$1) <= FILLME!$G$6, TRUE, FALSE) -> FALSE | Q56: =IF(ROW()-ROW($Q$1) <= FILLME!$G$8, TRUE, FALSE) -> FALSE | R56: =IF(ROW()-ROW($R$1) <= FILLME!$G$9, TRUE, FALSE) -> FALSE | S56: =IF(ROW()-ROW($S$1) <= FILLME!$G$10, TRUE, FALSE) -> FALSE | T56: =IF(ROW()-ROW($T$1) <= FILLME!$G$11, TRUE, FALSE) -> FALSE
A57: =FILLME!$B$7 -> ISCO | B57: =IF(FILLME!$B$3 = "", "", FILLME!$B$3) -> WWS | C57: =IF(FILLME!$B$4 = "", "", FILLME!$B$4) -> SSFLAT | D57: =TEXT(FILLME!$B$6,"yyyymmdd") -> 20260323 | F57: =IF(FILLME!$B$7="ISCO",FILLME!$B$6+FILLME!$B$11+(FILLME!$B$13*(G57-FILLME!$B$14)),FILLME!$B$6) -> 46104.25 | J57: =CONCATENATE(I57,"_",TEXT(G57,"00")) -> _00 | K57: =CONCATENATE(C57,"_", I57,"_",D57,"_",TEXT(G57,"00")) -> SSFLAT__20260323_00 | L57: =CONCATENATE(C57,"_", I57,"_",TEXT(F57, "yyyymmdd"),"_",TEXT(E57, "hhmm")) -> SSFLAT__20260323_0000 | M57: =IF(ROW()-ROW($M$1) <= FILLME!$G$4, TRUE, FALSE) -> FALSE | N57: =IF(ROW()-ROW($N$1) <= FILLME!$G$5, TRUE, FALSE) -> FALSE | O57: =IF(ROW()-ROW($O$1) <= FILLME!$G$7, TRUE, FALSE) -> FALSE | P57: =IF(ROW()-ROW($P$1) <= FILLME!$G$6, TRUE, FALSE) -> FALSE | Q57: =IF(ROW()-ROW($Q$1) <= FILLME!$G$8, TRUE, FALSE) -> FALSE | R57: =IF(ROW()-ROW($R$1) <= FILLME!$G$9, TRUE, FALSE) -> FALSE | S57: =IF(ROW()-ROW($S$1) <= FILLME!$G$10, TRUE, FALSE) -> FALSE | T57: =IF(ROW()-ROW($T$1) <= FILLME!$G$11, TRUE, FALSE) -> FALSE
A58: =FILLME!$B$7 -> ISCO | B58: =IF(FILLME!$B$3 = "", "", FILLME!$B$3) -> WWS | C58: =IF(FILLME!$B$4 = "", "", FILLME!$B$4) -> SSFLAT | D58: =TEXT(FILLME!$B$6,"yyyymmdd") -> 20260323 | F58: =IF(FILLME!$B$7="ISCO",FILLME!$B$6+FILLME!$B$11+(FILLME!$B$13*(G58-FILLME!$B$14)),FILLME!$B$6) -> 46104.25 | J58: =CONCATENATE(I58,"_",TEXT(G58,"00")) -> _00 | K58: =CONCATENATE(C58,"_", I58,"_",D58,"_",TEXT(G58,"00")) -> SSFLAT__20260323_00 | L58: =CONCATENATE(C58,"_", I58,"_",TEXT(F58, "yyyymmdd"),"_",TEXT(E58, "hhmm")) -> SSFLAT__20260323_0000 | M58: =IF(ROW()-ROW($M$1) <= FILLME!$G$4, TRUE, FALSE) -> FALSE | N58: =IF(ROW()-ROW($N$1) <= FILLME!$G$5, TRUE, FALSE) -> FALSE | O58: =IF(ROW()-ROW($O$1) <= FILLME!$G$7, TRUE, FALSE) -> FALSE | P58: =IF(ROW()-ROW($P$1) <= FILLME!$G$6, TRUE, FALSE) -> FALSE | Q58: =IF(ROW()-ROW($Q$1) <= FILLME!$G$8, TRUE, FALSE) -> FALSE | R58: =IF(ROW()-ROW($R$1) <= FILLME!$G$9, TRUE, FALSE) -> FALSE | S58: =IF(ROW()-ROW($S$1) <= FILLME!$G$10, TRUE, FALSE) -> FALSE | T58: =IF(ROW()-ROW($T$1) <= FILLME!$G$11, TRUE, FALSE) -> FALSE
A59: =FILLME!$B$7 -> ISCO | B59: =IF(FILLME!$B$3 = "", "", FILLME!$B$3) -> WWS | C59: =IF(FILLME!$B$4 = "", "", FILLME!$B$4) -> SSFLAT | D59: =TEXT(FILLME!$B$6,"yyyymmdd") -> 20260323 | F59: =IF(FILLME!$B$7="ISCO",FILLME!$B$6+FILLME!$B$11+(FILLME!$B$13*(G59-FILLME!$B$14)),FILLME!$B$6) -> 46104.25 | J59: =CONCATENATE(I59,"_",TEXT(G59,"00")) -> _00 | K59: =CONCATENATE(C59,"_", I59,"_",D59,"_",TEXT(G59,"00")) -> SSFLAT__20260323_00 | L59: =CONCATENATE(C59,"_", I59,"_",TEXT(F59, "yyyymmdd"),"_",TEXT(E59, "hhmm")) -> SSFLAT__20260323_0000 | M59: =IF(ROW()-ROW($M$1) <= FILLME!$G$4, TRUE, FALSE) -> FALSE | N59: =IF(ROW()-ROW($N$1) <= FILLME!$G$5, TRUE, FALSE) -> FALSE | O59: =IF(ROW()-ROW($O$1) <= FILLME!$G$7, TRUE, FALSE) -> FALSE | P59: =IF(ROW()-ROW($P$1) <= FILLME!$G$6, TRUE, FALSE) -> FALSE | Q59: =IF(ROW()-ROW($Q$1) <= FILLME!$G$8, TRUE, FALSE) -> FALSE | R59: =IF(ROW()-ROW($R$1) <= FILLME!$G$9, TRUE, FALSE) -> FALSE | S59: =IF(ROW()-ROW($S$1) <= FILLME!$G$10, TRUE, FALSE) -> FALSE | T59: =IF(ROW()-ROW($T$1) <= FILLME!$G$11, TRUE, FALSE) -> FALSE
A60: =FILLME!$B$7 -> ISCO | B60: =IF(FILLME!$B$3 = "", "", FILLME!$B$3) -> WWS | C60: =IF(FILLME!$B$4 = "", "", FILLME!$B$4) -> SSFLAT | D60: =TEXT(FILLME!$B$6,"yyyymmdd") -> 20260323 | F60: =IF(FILLME!$B$7="ISCO",FILLME!$B$6+FILLME!$B$11+(FILLME!$B$13*(G60-FILLME!$B$14)),FILLME!$B$6) -> 46104.25 | J60: =CONCATENATE(I60,"_",TEXT(G60,"00")) -> _00 | K60: =CONCATENATE(C60,"_", I60,"_",D60,"_",TEXT(G60,"00")) -> SSFLAT__20260323_00 | L60: =CONCATENATE(C60,"_", I60,"_",TEXT(F60, "yyyymmdd"),"_",TEXT(E60, "hhmm")) -> SSFLAT__20260323_0000 | M60: =IF(ROW()-ROW($M$1) <= FILLME!$G$4, TRUE, FALSE) -> FALSE | N60: =IF(ROW()-ROW($N$1) <= FILLME!$G$5, TRUE, FALSE) -> FALSE | O60: =IF(ROW()-ROW($O$1) <= FILLME!$G$7, TRUE, FALSE) -> FALSE | P60: =IF(ROW()-ROW($P$1) <= FILLME!$G$6, TRUE, FALSE) -> FALSE | Q60: =IF(ROW()-ROW($Q$1) <= FILLME!$G$8, TRUE, FALSE) -> FALSE | R60: =IF(ROW()-ROW($R$1) <= FILLME!$G$9, TRUE, FALSE) -> FALSE | S60: =IF(ROW()-ROW($S$1) <= FILLME!$G$10, TRUE, FALSE) -> FALSE | T60: =IF(ROW()-ROW($T$1) <= FILLME!$G$11, TRUE, FALSE) -> FALSE
A61: =FILLME!$B$7 -> ISCO | B61: =IF(FILLME!$B$3 = "", "", FILLME!$B$3) -> WWS | C61: =IF(FILLME!$B$4 = "", "", FILLME!$B$4) -> SSFLAT | D61: =TEXT(FILLME!$B$6,"yyyymmdd") -> 20260323 | F61: =IF(FILLME!$B$7="ISCO",FILLME!$B$6+FILLME!$B$11+(FILLME!$B$13*(G61-FILLME!$B$14)),FILLME!$B$6) -> 46104.25 | J61: =CONCATENATE(I61,"_",TEXT(G61,"00")) -> _00 | K61: =CONCATENATE(C61,"_", I61,"_",D61,"_",TEXT(G61,"00")) -> SSFLAT__20260323_00 | L61: =CONCATENATE(C61,"_", I61,"_",TEXT(F61, "yyyymmdd"),"_",TEXT(E61, "hhmm")) -> SSFLAT__20260323_0000 | M61: =IF(ROW()-ROW($M$1) <= FILLME!$G$4, TRUE, FALSE) -> FALSE | N61: =IF(ROW()-ROW($N$1) <= FILLME!$G$5, TRUE, FALSE) -> FALSE | O61: =IF(ROW()-ROW($O$1) <= FILLME!$G$7, TRUE, FALSE) -> FALSE | P61: =IF(ROW()-ROW($P$1) <= FILLME!$G$6, TRUE, FALSE) -> FALSE | Q61: =IF(ROW()-ROW($Q$1) <= FILLME!$G$8, TRUE, FALSE) -> FALSE | R61: =IF(ROW()-ROW($R$1) <= FILLME!$G$9, TRUE, FALSE) -> FALSE | S61: =IF(ROW()-ROW($S$1) <= FILLME!$G$10, TRUE, FALSE) -> FALSE | T61: =IF(ROW()-ROW($T$1) <= FILLME!$G$11, TRUE, FALSE) -> FALSE
... A321: =FILLME!$B$7 -> ISCO | B321: =IF(FILLME!$B$3 = "", "", FILLME!$B$3) -> WWS | C321: =IF(FILLME!$B$4 = "", "", FILLME!$B$4) -> SSFLAT | D321: =TEXT(FILLME!$B$6,"yyyymmdd") -> 20260323 | F321: =IF(FILLME!$B$7="ISCO",FILLME!$B$6+FILLME!$B$11+(FILLME!$B$13*(G321-FILLME!$B$14)),FILLME!$B$6) -> 46104.25 | J321: =CONCATENATE(I321,"_",TEXT(G321,"00")) -> _00 | K321: =CONCATENATE(C321,"_", I321,"_",D321,"_",TEXT(G321,"00")) -> SSFLAT__20260323_00 | L321: =CONCATENATE(C321,"_", I321,"_",TEXT(F321, "yyyymmdd"),"_",TEXT(E321, "hhmm")) -> SSFLAT__20260323_0000 | M321: =IF(ROW()-ROW($M$1) <= FILLME!$G$4, TRUE, FALSE) -> FALSE | N321: =IF(ROW()-ROW($N$1) <= FILLME!$G$5, TRUE, FALSE) -> FALSE | O321: =IF(ROW()-ROW($O$1) <= FILLME!$G$7, TRUE, FALSE) -> FALSE | P321: =IF(ROW()-ROW($P$1) <= FILLME!$G$6, TRUE, FALSE) -> FALSE | Q321: =IF(ROW()-ROW($Q$1) <= FILLME!$G$8, TRUE, FALSE) -> FALSE | R321: =IF(ROW()-ROW($R$1) <= FILLME!$G$9, TRUE, FALSE) -> FALSE | S321: =IF(ROW()-ROW($S$1) <= FILLME!$G$10, TRUE, FALSE) -> FALSE | T321: =IF(ROW()-ROW($T$1) <= FILLME!$G$11, TRUE, FALSE) -> FALSE

Sheet Labels-Field
A1: Analysis | B1: Bottle Sample ID
A2: {=_xlfn._xlws.SORT( _xlfn.LET( _xlpm.data, 'Label IDs'!M2:O321, _xlpm.headers, 'Label IDs'!M1:O1, _xlpm.values, IF(FILLME!B8 = "Bottle Number", 'Label IDs'!J2:J321, IF(FILLME!B8 = "Sample Date/Time", 'Label IDs'!L2:L321,'Label IDs'!K2:K321)), _xlpm.nrows, ROWS(_xlpm.data), _xlpm.ncols, COLUMNS(_xlpm.data), _xlpm.rowidx, INT((_xlfn.SEQUENCE(_xlpm.nrows*_xlpm.ncols)-1)/_xlpm.ncols)+1, _xlpm.colidx, MOD(_xlfn.SEQUENCE(_xlpm.nrows*_xlpm.ncols)-1, _xlpm.ncols)+1, _xlpm.flag, INDEX(_xlpm.data, _xlpm.rowidx, _xlpm.colidx), _xlpm.val, INDEX(_xlpm.values, _xlpm.rowidx), _xlpm.hdr, INDEX(_xlpm.headers, _xlpm.colidx), _xlpm.empty, CHOOSE({1,2}, "", ""), _xlpm.base, _xlfn._xlws.FILTER(CHOOSE({1,2}, _xlpm.hdr, _xlpm.val), _xlpm.flag, _xlpm.empty), _xlpm.normal, _xlfn._xlws.FILTER(_xlpm.base, INDEX(_xlpm.base,,1)<>"BPCA", _xlpm.empty), _xlpm.bpca, _xlfn._xlws.FILTER(_xlpm.base, INDEX(_xlpm.base,,1)="BPCA", _xlpm.empty), IF(COUNTA(_xlpm.base)=0, _xlpm.empty, IF(COUNTA(_xlpm.bpca)=0, _xlpm.normal, _xlfn.VSTACK(_xlpm.normal, _xlpm.bpca, _xlpm.bpca) ) ) ), {1,2}, {-1,1} )} -> ISCO | B2: SSFLAT_ALD_20260323_01
A3: ISCO | B3: SSFLAT_ALD_20260323_02
A4: ISCO | B4: SSFLAT_ALD_20260323_03
A5: ISCO | B5: SSFLAT_ALD_20260323_04
A6: ISCO | B6: SSFLAT_ALD_20260323_05
A7: ISCO | B7: SSFLAT_ALD_20260323_06
A8: ISCO | B8: SSFLAT_ALD_20260323_07
A9: ISCO | B9: SSFLAT_ALD_20260323_08
A10: ISCO | B10: SSFLAT_ALD_20260323_09
A11: ISCO | B11: SSFLAT_ALD_20260323_10
A12: ISCO | B12: SSFLAT_ALD_20260323_11
A13: ISCO | B13: SSFLAT_ALD_20260323_12
A14: ISCO | B14: SSFLAT_ALD_20260323_13
... A49: ISCO | B49: SSFLAT_CMP_20260323_24

Sheet Labels-Lab
A1: Analysis | B1: Bottle Sample ID
A2: {=_xlfn._xlws.SORT( _xlfn.LET( _xlpm.data, 'Label IDs'!P2:T321, _xlpm.headers, 'Label IDs'!P1:T1, _xlpm.values, IF(FILLME!B9 = "Bottle Number", 'Label IDs'!K2:K321, 'Label IDs'!L2:L321), _xlpm.nrows, ROWS(_xlpm.data), _xlpm.ncols, COLUMNS(_xlpm.data), _xlpm.rowidx, INT((_xlfn.SEQUENCE(_xlpm.nrows*_xlpm.ncols)-1)/_xlpm.ncols)+1, _xlpm.colidx, MOD(_xlfn.SEQUENCE(_xlpm.nrows*_xlpm.ncols)-1, _xlpm.ncols)+1, _xlpm.flag, INDEX(_xlpm.data, _xlpm.rowidx, _xlpm.colidx), _xlpm.val, INDEX(_xlpm.values, _xlpm.rowidx), _xlpm.hdr, INDEX(_xlpm.headers, _xlpm.colidx), _xlfn._xlws.FILTER(CHOOSE({1,2}, _xlpm.hdr, _xlpm.val), _xlpm.flag) ), 1, 1 )} -> Aqualog | B2: SSFLAT_ALD_20260323_01
A3: Aqualog | B3: SSFLAT_ALD_20260323_02
A4: Aqualog | B4: SSFLAT_ALD_20260323_03
A5: Aqualog | B5: SSFLAT_ALD_20260323_04
A6: Aqualog | B6: SSFLAT_ALD_20260323_05
A7: Aqualog | B7: SSFLAT_ALD_20260323_06
A8: Aqualog | B8: SSFLAT_ALD_20260323_07
A9: Aqualog | B9: SSFLAT_ALD_20260323_08
A10: Aqualog | B10: SSFLAT_ALD_20260323_09
A11: Aqualog | B11: SSFLAT_ALD_20260323_10
A12: Aqualog | B12: SSFLAT_ALD_20260323_11
A13: Aqualog | B13: SSFLAT_ALD_20260323_12
A14: Aqualog | B14: SSFLAT_ALD_20260323_13
... A193: Shimadzu | B193: SSFLAT_CMP_20260323_24

Sheet DS-Bottle Numbers
A1: Separated Bottle Numbers | B1: Aqualog Bottle # | C1: Shimadzu Bottle # | D1: CCAL Bottle # | E1: Excess Bottle # | F1: Notes
A2: Sample ID | B2: (30mL/125mL Bottles) | C2: (125 mL Bottles) | D2: (125 mL Bottles) | E2: (500 mL Bottles) | F2: (any method deviations that could affect the data)
A3: {=_xlfn.CHOOSEROWS( IF(FILLME!B9="Bottle Number", 'Label IDs'!K:K, 'Label IDs'!L:L), _xlfn.SEQUENCE(FILLME!B16*FILLME!B5) + 1 )} -> SSFLAT_ALD_20260323_01
A4: SSFLAT_ALD_20260323_02
A5: SSFLAT_ALD_20260323_03
A6: SSFLAT_ALD_20260323_04
A7: SSFLAT_ALD_20260323_05
A8: SSFLAT_ALD_20260323_06
A9: SSFLAT_ALD_20260323_07
A10: SSFLAT_ALD_20260323_08
A11: SSFLAT_ALD_20260323_09
A12: SSFLAT_ALD_20260323_10
A13: SSFLAT_ALD_20260323_11
A14: SSFLAT_ALD_20260323_12
A15: SSFLAT_ALD_20260323_13
... A50: SSFLAT_CMP_20260323_24

Sheet DS-ISCO Bottle Weight
A1: ISCO Bottle Weights | B1: ISCO Bottle (g) | D1: Notes
A2: Sample ID | B2: Pre-Weight | C2: Post-Weight | D2: (any method deviations that could affect the data)
A3: {=_xlfn.CHOOSEROWS( IF(FILLME!B9="Bottle Number", 'Label IDs'!K:K, 'Label IDs'!L:L), _xlfn.SEQUENCE(FILLME!B16*FILLME!B5) + 1 )} -> SSFLAT_ALD_20260323_01
A4: SSFLAT_ALD_20260323_02
A5: SSFLAT_ALD_20260323_03
A6: SSFLAT_ALD_20260323_04
A7: SSFLAT_ALD_20260323_05
A8: SSFLAT_ALD_20260323_06
A9: SSFLAT_ALD_20260323_07
A10: SSFLAT_ALD_20260323_08
A11: SSFLAT_ALD_20260323_09
A12: SSFLAT_ALD_20260323_10
A13: SSFLAT_ALD_20260323_11
A14: SSFLAT_ALD_20260323_12
A15: SSFLAT_ALD_20260323_13
... A50: SSFLAT_CMP_20260323_24

Sheet DS-Filter Weight
A1: Filter Weights | B1: Filter Weight (g) | D1: Notes
A2: Sample ID | B2: Pre-Weight | C2: Post-Weight | D2: (any method deviations that could affect the data)
A3: {=_xlfn.CHOOSEROWS( IF(FILLME!B9="Bottle Number", 'Label IDs'!K:K, 'Label IDs'!L:L), _xlfn.SEQUENCE(FILLME!B16*FILLME!B5) + 1 )} -> SSFLAT_ALD_20260323_01
A4: SSFLAT_ALD_20260323_02
A5: SSFLAT_ALD_20260323_03
A6: SSFLAT_ALD_20260323_04
A7: SSFLAT_ALD_20260323_05
A8: SSFLAT_ALD_20260323_06
A9: SSFLAT_ALD_20260323_07
A10: SSFLAT_ALD_20260323_08
A11: SSFLAT_ALD_20260323_09
A12: SSFLAT_ALD_20260323_10
A13: SSFLAT_ALD_20260323_11
A14: SSFLAT_ALD_20260323_12
A15: SSFLAT_ALD_20260323_13
... A50: SSFLAT_CMP_20260323_24
